id,norm_pair,class
153456,Any inconsistencies between the terms and conditions of the WWI purchase order form and the provisions of the CoPack Manual shall be resolved in favor of the provisions of the CoPack Manual.,"The term of this Agreement shall commence as of the date of this Agreement and shall continue in full force and effect until December 31, 2004 (the ""Term"").",0
75669,9.5 The Company shall provide to the Customer written notification not less than thirty (30) days of any changes to the fees referred to herein due to direct increase/decrease costs by Company.,9.5 The Company shall not provide to the Customer written notification not less than thirty (30) days of any changes to the fees referred to herein due to direct increase/decrease costs by Company.,1
5656,"The USF website is intended to provide Customer with real time visibility to Customer's standard Order Guide, the ability to order online, information on outstanding orders and historical information on past purchases.",USF reserves the right to charge interest on all monies due beyond the agreed upon payment terms.,0
139715,Purchaser shall assume title and risk of loss for Product ordered upon delivery of Product to transport.,Purchaser shall not assume title and risk of loss for Product ordered upon delivery of Product to transport.,1
77957,"Ligand shall pay to Cardinal Health the unit pricing set forth on EXHIBIT D (""Unit Pricing"") for all Product.","Ligand shall not to Cardinal Health the unit pricing set forth on EXHIBIT D (""Unit Pricing"") for all Product.",1
27948,Overtime shall be defined as the number of hours worked beyond the normal work week.,c. AorTech agrees that it will not subcontract the manufacturing of Novoste B.V.,0
99083,Supplier shall process WAs issued by Buyer and shall accept all WAs in Accordance with this Goods Agreement and the applicable SOW.,Supplier shall not WAs issued by Buyer and shall not accept all WAs in Accordance with this Goods Agreement and the applicable SOW.,1
46718,Chiron shall be responsible for all costs and expenses incurred by Cubist in connection with the rendering of such cooperation and assistance.,Cubist shall provide Chiron with an annual report of all data Cubist has obtained from such stability studies during the year preceding the report.,0
123045,"In addition, Cubist will be consulted concerning any matters that could cause a delay in completion of the Facility.","In addition, Cubist may not be consulted concerning any matters that could cause a delay in completion of the Facility.",1
169193,"""AGREEMENT"" shall have the meaning set forth in the preamble.","IN NO EVENT SHALL LESSOR BE LIABLE FOR ANY LOSS OR DAMAGE CLAIMED TO HAVE RESULTED FROM THE USE, OPERATION OR PERFORMANCE OF LESSOR'S PRODUCTS REGARDLESS OF THE FORM OF ACTION EXCEPT FOR LOSS OR DAMAGE CAUSED BY THE GROSS NEGLIGENCE OF LESSOR.",0
152689,CoPacker shall assume all costs of transportation and handling both ways for such rejected Products.,CoPacker shall not assume all costs of transportation and handling both ways for such rejected Products.,1
168882,2.7 AMFS agrees that no fees shall be charged for the license granted hereunder.,2.7 AMFS agrees that no fees shall not be charged for the license granted hereunder.,1
11337,"CBSI will appoint a CBSI representative (the ""Program Manager"") to be responsible for the completion of the Program by CBSI.","CBSI may appoint a CBSI representative (the ""Program Manager"") to be responsible for the completion of the Program by CBSI.",1
196000,"(a) Nephros may reject any Cartridge that does not meet the Specifications or otherwise comply with this agreement (any such Cartridge, a ""Nonconforming Cartridge"").",Each party agrees to perform under this agreement solely as an independent contractor.,0
159031,JMI shall have the right to participate in such defense at its cost.,JMI may have the right to participate in such defense at its cost.,1
78337,"1.4 ""Applicable Laws"" means all laws, ordinances, rules and regulations within the Territory applicable to the Manufacturing and Packaging of the Product or any aspect thereof and the obligations of Cardinal Health or Ligand, as the context requires under this Agreement, including, without limitation, (i) all applicable federal, state and local laws and regulations of each Territory; (ii) the U.S. Federal Food, Drug and Cosmetic Act, and (iii) the current Good Manufacturing Practices promulgated by the Regulatory Authorities, as amended from time to time (""cGMPs"").","Either party may terminate this Agreement effective upon sixty (60) days prior written notice to the other party, if the other party commits a material breach of this Agreement and fails to cure such breach by the end of such sixty (60) day period.",0
22761,Records for this stage of the process will be maintained using DRAFT cGMP documents (batch records and formulation records).,CBSI will use its best judgement to establish a manufacturing strategy in consultation with EntreMed.,0
63278,Cubist will direct each Cubist Supplier to permit the Carrier to pickup such preshipment samples at the facility.,"The Carrier shall transport such preshipment samples on behalf of, and at the direction of, Chiron to the destination designated by Chiron.",0
202870,"If any Governmental Authority withdraws its approval to sell the Cartridge in any country or issues a directive or request that some or all Cartridges be recalled for safety reasons relating to the Cartridge or Nephros reasonably determines that some or all Cartridges should be recalled, and if that recall is due to any reason other than Medica having manufactured Cartridge that fails to conform to the Specifications or that was not manufactured in accordance with any applicable Laws, Nephros shall pay all costs, including Medica's reasonable outofpocket expenses, associated with that recall.","(a) This agreement may be terminated as follows: (1) by Nephros upon 10 Business Days' written notice to Medica if any representation made in this agreement by Medica was materially inaccurate when made and either (1) that inaccuracy has contributed to Nephros's incurring Indemnifiable Losses or (2) Medica fails to take action to render the inaccurate representation accurate as if it were made on the day Nephros would otherwise be entitled to terminate this agreement under this Section 13.2(a)(l); (2) by Medica upon 10 Business Days' written notice to Nephros if any representation made in this agreement by Nephros was materially inaccurate when made and either (1) that inaccuracy has contributed to either or both Medica Entities' incurring Indemnifiable Losses or (2) Nephros fails to take action to render the inaccurate representation accurate as if it were made on the day Medica would otherwise be entitled to terminate this agreement pursuant to this Section 13.2(a)(2); (3) by Nephros immediately if Medica has breached any of its material obligations under this agreement and, if it is curable, has not cured that breach prior to expiration of a 45BusinessDay period from the date of breach; (4) by Medica immediately if Nephros has breached any of its material obligations under this agreement and, if it is curable, has not cured that breach prior to expiration of a 45BusinessDay period from the date of breach; (5) by Nephros immediately if there occurs an Event of Insolvency with respect to Medica; (6) by Medica immediately if there occurs an Event of Insolvency with respect to Nephros; (7) by Nephros, if for any reason other than an Event of Force Majeure Medica fails to deliver within 40 days after the required delivery date, or on more than two occasions in any 90day period fails to deliver within 20 Business Days after the required delivery day, any shipment of Cartridge it is required to deliver pursuant to Section 3.2, Section 4.2, or Section 9.3; (8) by Medica or Nephros on 15 Business Days' prior written notice to Nephros or Medica, respectively, if due to an Event of Force Majeure (A) Nephros or 17 (B) Medica or both of them, respectively, is prevented from performing an obligation under this agreement for more than 60 days, unless prior to the end of the 15BusinessDay period the Event of Force Majeure ceases to exist and the party prevented from performing resumes performance under this agreement and notifies the party giving the notice of termination; (b) The parties may terminate this agreement at any time by written agreement.",0
30217,Contractor may provide repair and maintenance service upon notification of need for such service by either the Department directly or its agents.,Contractor may provide repair and maintenance service upon notification of need for such service by either the Department directly or its agents.,1
139710,7UP/RC shall perform routine maintenance on the Equipment and shall be financially responsible for minor repairs.,7UP/RC shall not perform routine maintenance on the Equipment and shall be financially responsible for minor repairs.,1
79480,"1.14 ""Delivery Date"" shall mean the date on which Cardinal Health shall tender the relevant Batch(es) to Ligand.",Each party intends and commits to cooperate to satisfy all Applicable Laws with respect to Manufacturing and Packaging under this Agreement.,0
99084,Buyer will use commercially reasonable efforts to issue a [*] rolling forecast for quantities of Products that may be required.,Buyer may use commercially reasonable efforts to issue a [*] rolling forecast for quantities of Products that may be required.,1
187279,The arbitration shall be conducted in the English language.,2.7 AMFS agrees that no fees shall be charged for the license granted hereunder.,0
123048,Cubist shall at all times upon reasonable notice and during normal business hours have the right to inspect the Facility to ascertain compliance with GMPs.,"Cubist may not be, at all times and upon reasonable notice and normal business hours, denied an inspection of the Facility to ascertain compliance with GMPs.",1
102743,"In the event that Topps purchases less than such amount, the prices should be adjusted to reflect any increases in cost to Hershey.","In the event that Topps purchases less than such amount, the prices shall be adjusted to reflect any increased cost to Hershey.",1
159032,PAYMENT 10.1 Celgene will remit payment in U.S. dollars within thirty (30) days from the date of the invoice.,PAYMENT 10.1 Celgene will not remit payment in U.S. dollars within thirty (30) days from the date of the invoice.,1
47791,"Chiron shall have the right to review and comment, via the JCT, on the Manufacturing Plan and any and all revisions and updates thereto, and Cubist shall, in good faith, consider all comments made by Chiron.","Cubist shall, and shall direct the Cubist Suppliers to (a) be responsible for (i) maintaining safety procedures for the handling and manufacture of any and all API, Filled Products and raw materials used in the manufacture thereof and (ii) the generation, treatment, storage and disposal of wastes relating thereto, all of which shall comply with all federal, state and local environmental and occupational safety and health requirements, and (b) permit Chiron to audit and comment on such procedures.",0
20774,"USE OF NAMES Neither party shall use the name of the other party or the names of the employees of the other party in any advertising or sales promotional material or in any publication without prior 07/07/99 Page 9 of 11 10 [ &quot;...&quot; indicates material has been omitted pursuant to a Confidential Treatment Request, which the Company has filed separately with the Securities and Exchange Commission] EntreMedCovance Agreement written permission of such party, except Sponsor may, as required by law or regulatory requirements, disclose that CBSI has performed the Program.",The Quality Assurance Group will not perform a formal review of documentation.,0
186869,C. EXONERATION FOR ENTERING PREMISES.,"2.4 Nothing contained in this Agreement shall constitute, or be construed to be, a limitation or restriction on either Foamtec or AMFS to use existing technologies for future businesses.",0
152696,"CoPacker may restrict access by WWI's representatives to only those areas where the Products and ingredients and materials for the Products are processed, tested, or stored.","CoPacker may not restrict access by WWI's representatives to only those areas where the Products and ingredients and materials for the Products are processed, tested, or stored.",1
147836,"If actual order volumes vary by more than 50% from forecasted levels, or if MP3.com has not advised Cinram of any material business issues of which it is aware at the time of forecast which affect the performance by Cinram of its obligations hereunder, Cinram shall be deemed to comply with Section 6.2 with respect to Service Levels directly or indirectly affected by such variance or such business issues if it uses reasonable commercial efforts to achieve such Service Levels.",Cinram will maintain actual perpetual inventory records for all Fulfillment Products in its possession.,0
174048,"Foamtec will reasonably cooperate with AMFS to ensure AMFS receives from Foamex USA the pricing described in the previous sentence, and to make such books and records reasonably available as are necessary or desirable to AMFS's auditors to verify such best price.","If (a) Lessee shall fail to pay any rental payment or any other payment hereunder within five (5) days after the date when such obligation is due; or (b) Lessee shall fail to perform any other term or condition of this Lease for a period of ten (10) days after written notice thereof from Lessor to Lessee; or (c) proceedings under United States or other national or local bankruptcy law or other insolvency laws shall be instituted against Lessee, or a trustee or receiver or similar officer shall be appointed for Lessee or any of its property, or any of the Equipment shall be attached or levied upon and such proceedings shall not be vacated or fully stayed within fifteen (15) days thereof; or (d) Lessee shall make an assignment for the benefit of creditors or institute proceedings to be adjudicated a bankrupt or insolvent or admit in writing its inability to pay its debts as they become due; or (e) Lessee attempts to remove, sell, transfer, encumber, sublet or part with possession of the Equipment, or assigns or attempts to assign all or any part of this Lease or Lessee's rights hereunder; or (f) Lessee ceases doing business as a going concern, sells substantially all of its assets out of the ordinary course of business, merges or consolidates with any other person, or, if a corporation, sustains a change in the ownership of more than 20% in the aggregate of its issued and outstanding stock of any class except a change of ownership as a result of (x) a transfer to an Affiliate (as defined in the Manufacturing Agreement) or (y) a bona fide reorganization, or abandons any or all of the Equipment; or (g) Lessee is a corporation and ceases its corporate existence or good standing; or (h) Lessee has made any material misrepresentation (including the failure to disclose a material fact) under this Lease or in connection with any credit or other information submitted or furnished to Lessor, or breached 5 any warranties made by it under this Lease; or (i) any adverse change in the financial condition of Lessee or any surety or guarantor shall occur; then, in any such event, the Lessee shall be deemed to have breached this Lease and shall be in default hereunder.",0
159029,"In the event that JMI fails to replace the Material or fails to do so within the time period stated, Celgene shall have the right to demand a credit of the purchase price therefor.","In the event that JMI fails to replace the Material or fails to do so within the time period stated, Celgene may have the right to demand a credit of the purchase price therefor.",1
23429,AorTech shall use only approved suppliers listed on AorTech's approved supplier list when purchasing such material.,AorTech may use unapproved suppliers listed on AorTech's unapproved supplier list when purchasing such material.,1
63744,(a) DELIVERY.,"The Carrier shall transport such Filled Products on behalf of, and at the direction of, Chiron to the destination designated by Chiron.",0
139703,"At the end of the term of this Agreement, 7UP/RC may use the Equipment to produce Products as well as other energy drinks.","At the end of the term of this Agreement, 7UP/RC shall not use the Equipment to produce Products as well as other energy drinks.",1
188010,Medica will also be given first consideration in good faith for the manufacture of Cartridges not directly marketed by Nephros.,Medica may also be given first consideration in good faith for the manufacture of Cartridges not directly marketed by Nephros.,1
38385,"If actual Discrepancy Reports are necessary for Chiron to comply with the requirements of the Regulatory Authorities in the Territory and Chiron has submitted such request to Cubist, thereafter, Cubist shall provide with each Lot the actual Discrepancy Reports (not merely the summaries thereof).","If at any time after delivery of Filled Product to Chiron, Chiron reasonably believes that such Filled Product is not stable during its Remaining Shelflife, then Chiron shall deliver a sample of such Filled Product to Cubist and a certification that Chiron properly stored the Filled Product in question.",0
205218,(f) Medica is the rightful owner or licensee of any Intellectual Property that it may use in performing its obligations under this agreement.,"""Confidential Information"" means all data, specifications, training, and any other knowhow related to the design, development, manufacture, or performance of the Cartridge, as well as all other information and data provided by either party to the other party pursuant to this agreement in written or other tangible medium and marked as confidential, or if disclosed orally or displayed, confirmed in writing within 30 Business Days after disclosure and marked as confidential, except that the term ""Confidential Information"" does not include the following: (1) information that is or becomes generally available to the public other than as a result of a breach of this agreement by the receiving party or its Representatives; (2) information that was within the receiving party's possession or knowledge prior to its being furnished to the receiving party by or on behalf of the disclosing party, on condition that the source of that information was not bound by a confidentiality agreement with or other contractual, legal or fiduciary obligation of confidentiality to the disclosing party or any other Person with respect to that information; (3) information that is or becomes available to the receiving party on a nonconfidential basis from a source other than the disclosing party or any of its Representatives, on condition that that source was not bound by a confidentiality agreement with or other contractual, legal or fiduciary obligation of 19 confidentiality to the disclosing party or any other Person with respect to that information; or (4) information that is independently developed by the receiving party without use of Confidential Information and otherwise in a manner not inconsistent with this letter agreement.",0
92717,"In the event Ligand requests services other than Manufacturing or Packaging of Product, Cardinal Health shall provide a written quote of the fee for such additional services and Ligand shall advise Cardinal Health whether it wishes to have such additional services performed by Cardinal Health.",Professional Services Errors & Omissions Liability Insurance with per claim and aggregate limits of not less than $*** covering sums that Cardinal Health becomes legally obligated to pay as damages resulting from claims made by Ligand for errors or omissions committed in the conduct of the services outlined in the Agreements.,0
124762,"In addition, Cubist will be consulted concerning any matters that could cause a delay in completion of the Facility.","To that extent, all outstanding payments due by Cubist to DSM, will become payable at once.",0
104050,"(c) Topps shall provide to Hershey by the 1st of each month in which this Agreement is in effect a written firm purchase order for the next calendar month (the ""Purchase Order"").","In the event any revision by Topps would increase the cost of performance to Hershey hereunder, then Hershey shall have the right to adjust the pricing of the Product as necessary.",0
75671,The Company may terminate the contract without cause and at no liability to the Company.,The Company shall not terminate the contract without cause and at no liability to the Company.,1
190705,"Via Degli Artigiani, 6 41036 Medolla (MO) Italy Attention: Daniele Giubertoni MKTG & sales Manager Facsimile: 39053552605 Email: sales@medica.it (b) Nephros shall order for delivery in any given month an aggregate number of Cartridges equal to at least 90% of the final amount forecast for that month in the Rolling Forecasts (that quantity, the ""Final Forecast Quantity"").",Medica shall discuss with Nephros any Proposed Response and shall incorporate in that Proposed Response any reasonable comments provided by Nephros with respect to that Proposed Response.,0
6,"Customer shall make weekly payments via wire transfer on the following Thursday, for the sales of the Applicable Sales Period that ended approximately oneweek prior.","Customer shall not make weekly payments via wire transfer on the following Thursday, for the sales of the Applicable Sales Period that ended approximately oneweek prior.",1
2,"Should Customer request the use of a ""loaner"" truck, USF will make reasonable efforts to accommodate supplying a truck for special occasions.","Should Customer request the use of a ""loaner"" truck, USF will not make reasonable efforts to accommodate supplying a truck for special occasions.",1
9,Customer shall make arrangements through USF order department for any goods to be returned to USF.,Customer shall not make arrangements through USF order department for any goods to be returned to USF.,1
152697,"Notwithstanding anything contained herein to the contrary, WWI shall not be required to purchase any minimum quantity of the Products.","Notwithstanding anything contained herein to the contrary, WWI shall be required to purchase any minimum quantity of the Products.",1
159030,7.3 JMI will provide Celgene with the results of all assays required to be run under the Specifications.,7.3 JMI will not provide Celgene with the results of all assays required to be run under the Specifications.,1
165988,CoPacker shall deliver all the Products that WWI purchases under this Agreement to WWI F.O.B.,"No waiver by either party of any breach, default, or violation of any term, warranty, representation, agreement, covenant, condition, or provision of this Agreement shall constitute a waiver of any subsequent breach, default, or violation of the same or other term, warranty, representation, agreement, covenant, condition, or provision.",0
187997,"After filing a response with any Governmental Authority, Medica shall within 5 Business Days notify Nephros of any further contacts with that Governmental Authority with respect to that response.","After filing a response with any Governmental Authority, Medica shall not within 5 Business Days notify Nephros of any further contacts with that Governmental Authority with respect to that response.",1
139712,Purchaser shall pay 7UP/RC a deposit equal to 7UP/RC standard rate which shall be refunded to Purchaser when the shells are returned.,Purchaser may pay 7UP/RC a deposit equal to 7UP/RC standard rate which may be refunded to Purchaser when the shells are returned.,1
188146,"Subject to the terms of this agreement, Medica shall manufacture, in such quantities as Nephros orders, the Cartridge.","(c) Medica's Chief Executive Officer, or Amministratore Unico (AU), has duly authorized Medica to execute and deliver this agreement and perform its obligations under this agreement, and no other corporate proceedings of Medica are necessary with respect thereto.",0
88286,"(a) At any time up to 90 days prior to any relevant Delivery Date, Ligand may cancel a Purchase Order or request a modification of the confirmed Delivery Date, Specifications or quantity of Product (including e.g.",LIGAND By: /S/ THOMAS J. STUART By: /S/ GIAN ALIPRANDI Name: THOMAS J. STUART Name: GIAN ALIPRANDI Its: PRESIDENT MODIFIED RELEASE TECH.,0
41435,"1.41 ""QUALITY AGREEMENT"" shall have the meaning assigned to such term in Section 3.10.","No subsequent alteration, amendment, change or addition to this Supply Agreement shall be binding upon the Parties unless reduced to writing and signed by an authorized officer of each Party.",0
5,USF may assign any accounts receivable due from Customer hereunder to any third party.,USF may not assign any accounts receivable due from Customer hereunder to any third party.,1
195957,"(a) Nephros may reject any Cartridge that does not meet the Specifications or otherwise comply with this agreement (any such Cartridge, a ""Nonconforming Cartridge"").","Whether or not the Indemnifying Party has assumed the defense of a Third Party Claim, the Indemnified Party shall not admit any liability with respect to, or settle, compromise or discharge, that Third Party Claim without the Indemnifying Party's prior written consent.",0
28936,"9.0 TERMINATION 9.1 Notwithstanding the term set forth in Section 8.1 above, this Agreement may be terminated prior to the expiration of the initial term (or any renewal term) as follows: a. AorTech shall have the option of terminating this Agreement immediately if Novoste B.V. fails to pay any amounts due and payable to AorTech in terms of this Agreement which remain due and unpaid for thirty (30) days after receiving written notices from AorTech that such amounts were unpaid, due and owing to AorTech.",DOLLARS ($1 Million) Or other sum to be agreed upon in writing.,0
75673,8.2 The Customer shall be allowed to return 48 x 40 fourway hardwood pallets and to receive credit for those returned as long as the Company is satisfied with the condition of such pallet.,8.2 The Customer shall not be allowed to return 48 x 40 fourway hardwood pallets and to receive credit for those returned as long as the Company is satisfied with the condition of such pallet.,1
38358,"If actual Discrepancy Reports are necessary for Chiron to comply with the requirements of the Regulatory Authorities in the Territory and Chiron has submitted such request to Cubist, thereafter, Cubist shall provide with each Lot the actual Discrepancy Reports (not merely the summaries thereof).","Chiron shall be responsible for the full cost of transportation, exportation and importation of such preshipment samples, including, without limitation, the cost of freight, postage, shipping, insurance and export or * CONFIDENTIAL TREATMENT REQUESTED: MATERIAL HAS BEEN OMITTED AND FILED WITH THE COMMISSION 15 import duties, and costs invoiced by Cubist Suppliers in order to fulfill such requests for preshipment samples.",0
99078,Supplier will promptly notify Buyer in writing should there be any failure to adhere to the representations and warranties as stated herein.,Supplier will not promptly notify Buyer in writing should there be any failure to adhere to the representations and warranties as stated herein.,1
99079,Supplier will only deliver the Products specified in a WA.,Supplier will not only deliver the Products specified in a WA.,1
139711,"If requested by Purchaser, 7UP/RC shall provide Purchaser with suitable evidence establishing that a cost increase did occur.","If requested by Purchaser, 7UP/RC shall not provide Purchaser with suitable evidence establishing that a cost increase did occur.",1
152693,"Upon request of WWI, CoPacker shall certify in writing to WWI that all such trademarks, trade names, and identifying marks have been removed from any rejected Products.","Upon request of WWI, CoPacker shall not certify in writing to WWI that all such trademarks, trade names, and identifying marks have been removed from any rejected Products.",1
139713,Purchaser shall be responsible for the actual cost of the Equipment.,Purchaser may be responsible for the actual cost of the Equipment.,1
174318,"(c) Foamtec shall fabricate such raw material into finished product at Foamtec's facility, utilizing Foamtec's personnel and the Equipment and Technology of AMFS, and shall resell such finished product to AMFS at a price equal to the price determined as set forth in Section 3.3(b), below.","Each Party shall indemnify, defend, and hold harmless the other Party (including those who have been, but no longer are, Parties) and its Affiliates from and against all loss, cost, liability and expense which may be imposed upon or reasonably incurred by the other Party or Affiliates, including reasonable attorneys' fees and disbursements and reasonable settlement payments, in connection with any claim, action, suit or proceeding or threat thereof, made or instituted in which the other Party or Affiliates may be involved or be made a party by reason of a breach of such Party's representations or covenants.",0
141551,Purchaser shall also be responsible for all property taxes on the equipment.,"The arbitration shall be heard by one arbitrator to be selected in accordance with the Rules, in Orange County, California.",0
77961,"Notwithstanding the foregoing, Ligand shall remain responsible for the Firm Commitment portion of the Rolling Forecast.","Notwithstanding the foregoing, Ligand shall not remain responsible for the Firm Commitment portion of the Rolling Forecast.",1
50234,"(iii) If such proposed change is being proposed by Cubist at any time after [*] has been obtained, then Cubist may proceed to implement such change [*] with respect to API or Filled Product for all countries in the Territory, PROVIDED that Cubist complies with all of the provisions set forth in this Section 3.2(a) with respect to those countries as to which Chiron has previously notified Cubist that such changes would require Regulatory Approval.","Upon written request by Chiron made upon or after placement of any Purchase Order, Cubist shall (a) provide to the Carrier, on a mutually agreed date in advance of the Delivery Date specified in such Purchase Order, preshipment samples from Lots manufactured for an order of Filled Product, and (b) as soon thereafter as reasonably practicable, provide Chiron with the associated Lot Documentation Package.",0
8503,"Upon reaching the stated end date of a deviated costing program, based on the vendor documentation described above, USF's pricing to Customer will revert to the regular price structure as described in Section 4 above.","Notwithstanding anything contained herein or in any other agreement to the contrary, to the extent there is any change in Customer's creditworthiness or financial capabilities (which shall include Customer's failure to pay invoices within payment terms and a reasonable period of time thereafter), or to the extent Customer experiences other circumstances which affect its ability to meet the payment terms established hereunder, USF shall have the right to change the terms outlined herein including, but not limited to, Customer's payment terms and service arrangements.",0
108004,"Hershey's production facility, exclusive of all sales, use, excise or other taxes, charges or assessments imposed on the purchase and resale of the Packaged Product, subject to only those changes described in paragraph (d) below and subject to the next sentence.","If Topps so requests Hershey's assistance, Topps shall be required to pay the capital costs for the equipment required to produce a new or changed product and Topps will retain ownership thereof.",0
162437,CoPacker will assume no costs of transportation and handling for such rejected Products.,CoPacker shall assume all costs of transportation and handling both ways for such rejected Products.,1
63806,(a) DELIVERY.,"After the Parties shall have reached agreement on the terms of such plan (or, in the event that the Parties cannot reach agreement as to the terms of such plan, Chiron shall have the right, acting reasonably and in good faith, to adopt another plan), Chiron shall implement such recall in a manner consistent with the terms of such plan.",0
108649,"(c) For the period from January 1, 1999 through December 31, 1999, Hershey shall sell the Packaged Product to Topps at the prices listed on Schedule D1999, F.O.B.","Schedule D1999 shall be established not later than November 15, 1998 and the differences between Schedule D1998 and Schedule D1999 shall reflect only (i) an aggregate maximum increase of 2.5% in the labor cost per case, not to exceed $110,000 in aggregate cost to Topps for the twelvemonth period and (ii) updated pricing on ingredients and packaging materials permitted under paragraph (d) below provided, however, that this updated pricing shall reflect changes in all ingredients and packaging materials (i.e.",0
27920,Overtime shall be defined as the number of hours worked beyond the normal work week.,"12.0 INDEMNITES 12.1 Novoste B.V. shall at all times indemnify and hold AorTech (and its respective directors, officers, employees and agents) harmless and upon request will defend the same against all actions, proceedings, claims, demands, losses, suits, outlays, damages, judgments, penalties or expenses of any kind or nature (including reasonable legal fees, other costs and amounts paid in settlement 11 11 with Novoste B.V.'s consent) which may be suffered or incurred by any of them arising out of any defect in any Product or any part thereof ; 12.2 AorTech shall at all times indemnify and hold Novoste B.V. (and its respective directors, officers, employees and agents) harmless and upon request will defend the same against all actions, proceedings, claims, demands, losses, suits, outlays, damages, judgments, penalties or expenses of any kind or nature (including reasonable legal fees, other costs and amounts paid in settlement with AorTech's consent) which may be suffered by any of them arising out of any failure by AorTech to exercise reasonable care in carrying out the tasks specified in 1.2 of this Agreement.",0
188008,"Nephros shall pay each such invoice in full within 45 Calendar Days from the date of invoice, unless Nephros has rejected the shipment in question in accordance with Section 4.2.","Nephros may pay each such invoice in full within 45 Calendar Days from the date of invoice, unless Nephros has rejected the shipment in question in accordance with Section 4.2.",1
139704,"At any time during the term of this Agreement, 7UP/RC shall not pass through and otherwise charge Purchaser for any cost increases for raw materials, labor or as a result of changes in specifications.","At any time during the term of this Agreement, 7UP/RC may pass through and otherwise charge Purchaser for any cost increases for raw materials, labor or as a result of changes in specifications.",1
123046,Cubist may also terminate this Agreement in the event that the FDA refuses to approve the Product.,Cubist may not terminate terminate this Agreement even in the event that the FDA refuses to approve the Product.,1
205821,"Whether or not the Indemnifying Party has assumed the defense of a Third Party Claim, the Indemnified Party shall not admit any liability with respect to, or settle, compromise or discharge, that Third Party Claim without the Indemnifying Party's prior written consent.","(b) In each case, a notice or other communication sent to a party must be directed to the address for that party set forth below, or to another address designated by that party by written notice.",0
162438,"CoPacker shall label all Products using artwork, graphics, and label copy that WWI may furnish.","CoPacker shall label all Products using artwork, graphics, and label copy that WWI shall furnish.",1
152694,CoPacker shall furnish to WWI without charge samples of the Products that WWI reasonably requests for quality control testing and evaluation.,CoPacker may furnish to WWI without charge samples of the Products that WWI reasonably requests for quality control testing and evaluation.,1
170666,"""EVENT OF DEFAULT"" shall have the meaning set forth in Section 7.1.","Promptly after receipt by a person or entity indemnified under any express provision of this Agreement (the ""Indemnified Party"") of notice of the commencement of any action against the Indemnified Party, such Indemnified Party shall give notice to the person or persons or entity or entities obligated to indemnify the Indemnified Party pursuant to the express provisions of this Agreement (the ""Indemnifying Party"").",0
195239,"On delivery by Medica of a shipment of Cartridges in accordance with Section 3.3, Medica shall issue to Nephros an invoice for that shipment stating a price consistent with the terms of this agreement.","The cost of any such arbitration will be divided equally between Nephros, on the one hand, and Medica, on the other hand, with each party bearing its own attorneys' fees and costs.",0
77955,Ligand shall qualify at least one (1) carrier to ship the Product to Cardinal Health.,Ligand may qualify at least one (1) carrier to ship the Product to Cardinal Health.,1
148298,"10 be agreed between the parties, which amount may include charges for setting up the required Special Service as well as the performance of the Special Service (the &quot;Special Service Fees&quot;).","Cinram reserves the right to refuse, without liability of any kind, acceptance of Fulfillment Products which, because of its condition, might cause, in Cinram's sole reasonable judgment, infestation, contamination or damage to the warehouse facility or to other goods in the custody of Cinram.",0
77956,Cardinal Health shall segregate and store all Product until acceptance as set forth in Section 5.1 above.,Cardinal Health shall not segregate and store all Product until acceptance as set forth in Section 5.1 above.,1
102742,Hershey may give Topps notice of any and all pricing changes promptly once Hershey learns of such changes and copies of the notices or invoices received from its vendor shall be forwarded along.,Hershey shall give Topps notice of all pricing changes promptly after Hershey learns of such changes along with copies of the notices or invoices received from its vendor.,1
17606,"INSURANCE CBSI shall secure and maintain in full force and effect throughout the performance of the Program policies of insurance for (a) Workmen's Compensation, (b) General Liability, (c) Automobile Liability, and (d) Professional Liability having policy limits, deductibles and other terms appropriate to the conduct of CBSI's business in CBSI's sole and exclusive judgment.","If CBSI shall fail to cure such default within the specified cure period or repeat the Program, as the case may be, then this Agreement shall, at Sponsor's option, immediately terminate.",0
76677,6.3 The Maximum Loss Allowance referred to herein shall not apply to any Production Run which is less than the minimum run and flavor quantity of ______Finished Case Goods rounded to formula yield.,"5 11.2 The Customer agrees that all business records and documents, including, but not limited to, notes, manuals, photographs or the like, and any copies thereof, provided to the Customer or kept or made by the Customer relating to the business of the Company shall remain the property of the Company.",0
200136,"d) Complaint investigations shall be a shared process between Medica (QA, Manufacturing, and Engineering) and Nephros (QA and R&D).","If the Indemnifying Party has timely disputed its liability with respect to the Claim, the Indemnifying Party and the Indemnified Party shall proceed in good faith to negotiate a resolution of the Claim and, if the Claim is not resolved through negotiations within 60 Business Days following receipt by the Indemnifying Party of notice of that Claim from the Indemnified Party, the Indemnified Party may take the dispute to arbitration pursuant to Section 14.5.",0
40540,"* CONFIDENTIAL TREATMENT REQUESTED: MATERIAL HAS BEEN OMITTED AND FILED WITH THE COMMISSION 4 1.38 ""PRODUCT SHORTAGE"" shall have the meaning assigned to such term in Section 8.2.",Chiron shall maintain all such records for a period of not less than five (5) years from the respective dates they were created or such longer period as may be required under Applicable Laws.,0
187292,The arbitration shall be conducted in the English language.,"3 5.3 GOVERNMENT APPROVALS: Foamtec shall, at its own expense, take whatever steps are required to satisfy the laws and requirements of the respective countries within respect to declaring, recording and otherwise rendering this Agreement valid.",0
102740,(v) Hershey will invoice Topps for the Packaged Products produced by Hershey at the time of shipment of such Packaged Products to Topps.,(v) Hershey will not invoice Topps for the Packaged Products produced by Hershey at the time of shipment of such Packaged Products to Topps.,1
77958,"Ligand shall solely control the implementation of any such recall, field alert, withdrawal or field correction.","Ligand shall not solely control the implementation of any such recall, field alert, withdrawal or field correction.",1
187995,Nephros must order for delivery in any given Quarter an aggregate quantity of Cartridge not exceeding 110% of the Final Forecast Quantity.,Nephros may order for delivery in any given Quarter an aggregate quantity of Cartridge not exceeding 110% of the Final Forecast Quantity.,1
176178,"Any disputes or disagreements arising from this Agreement shall initially be referred jointly to such appointees, who shall in good faith attempt to resolve such disputes promptly and within the spirit of this Agreement.",6.2 RIGHT TO PURCHASE AND SELL.,0
139708,Purchaser shall also be responsible for all property taxes on the equipment.,Purchaser may also be responsible for all property taxes on the equipment.,1
112237,Interest will accrue on any amount remaining unpaid at the end of such 30 day period at the rate of 1% per month unless Topps has notified Hershey of its good faith dispute of any invoiced item.,"(e) The rights and obligations of either party hereunder may not be assigned, transferred or encumbered without the prior written consent of the other party.",0
139709,"7UP/RC shall charge Purchaser and Purchaser shall pay for Product as specified in Exhibit A, unless 7UP/RC and Purchaser agree in writing to a different price.","7UP/RC shall not charge Purchaser and Purchaser shall not pay for Product as specified in Exhibit A, unless 7UP/RC and Purchaser agree in writing to a different price.",1
99082,Buyer may EXHIBIT 10.24 GOODS AGREEMENT cancel or reschedule the delivery date or change the delivery point as specified in the relevant SOW.,Buyer shall not EXHIBIT 10.24 GOODS AGREEMENT cancel or reschedule the delivery date or change the delivery point as specified in the relevant SOW.,1
186230,"Lessee will not modify or consent to any modification of the terms of this Lease, assign this Lease, or sublet or move any item of Equipment without the prior written consent of Lessor and its assignee, if any.","Ltd., a Singapore private limited company (""Foamtec""), either or both of which may also hereinafter be referred to respectively as the ""Party"" or ""Parties"" to this Agreement.",0
42699,"1.46 ""REQUIRED CHANGE COSTS"" shall have the meaning assigned to such term in Section 3.2(c).","In the event that (i) Cubist materially breaches any of its obligations under this Supply Agreement, (ii) such material breach is the effective cause for Chiron not being able to obtain or maintain Regulatory Approval to sell Finished Products in one or more countries in the Territory, and (iii) Chiron terminates this Supply Agreement pursuant to Section 11.4(e) only with respect to such country or countries but not all of the countries in the Territory, then Chiron shall be entitled to exercise its rights under Section 11.6(c), PROVIDED that, prior to exercising such rights, Chiron shall have given at least thirty (30) days prior written notice to Cubist that Chiron intends to exercise its backup supply rights under Section 11.6(c) and identifies the country or countries within the Territory as to which Chiron intents to exercise such backup supply rights.",0
188770,Medica will also be given first consideration in good faith for the manufacture of Cartridges not directly marketed by Nephros.,All notices to be given by a Medica Entity may be given on its behalf by the other Medica Entity following consultation between Medica.,0
188000,Nephros may revise in any subsequent Rolling Forecast the forecast for any other month in any Rolling Forecast.,Nephros may not revise in any subsequent Rolling Forecast the forecast for any other month in any Rolling Forecast.,1
139702,"If requested by Purchaser, 7UP/RC shall provide Purchaser with suitable evidence establishing that a cost increase did occur.","If requested by Purchaser, 7UP/RC shall not provide Purchaser with suitable evidence establishing that a cost increase did occur.",1
143371,"Notwithstanding the foregoing, Cinram will have no right to use the Content Software for or on behalf of any Third Party.","Notwithstanding the foregoing, Cinram may use the Content Software for or on behalf of any Third Party.",1
152691,"CoPacker may not use any of such trademarks or trade names, except as WWI authorizes in writing.","CoPacker may use any of such trademarks or trade names, except as WWI authorizes in writing.",1
8,USF agrees regular deliveries will not be made between the hours of 11:00 am and 2:00 pm with the exception of recoveries and offcycles.,USF agrees regular deliveries may be made between the hours of 11:00 am and 2:00 pm with the exception of recoveries and offcycles.,1
168883,(d) AMFS shall sell and deliver such finished products to HewlettPackard and such other customers at the same prices as are determined in accordance with Section 2.3(c) and Section 3.3(b).,(d) AMFS may sell and deliver such finished products to HewlettPackard and such other customers at the same prices as are determined in accordance with Section 2.3(c) and Section 3.3(b).,1
78832,"1.8 ""Change Order"" shall have the meaning set forth in Section 4.5(a).","Cardinal Health shall timely fill each Purchase Order, subject to the terms and conditions of this Agreement.",0
70802,"Chiron shall be responsible for reporting to Regulatory Authorities in the Territory any adverse experience and safety issues for Licensed Products in compliance with the requirements of the applicable laws, rules and regulations, and shall promptly thereafter provide to Cubist a copy of such report.","In the event that Chiron is at or near the end of the terms of the contracts for supply of Licensed Product with Third Parties (subsequent to having exercised its backup supply rights herein) or in the event that, prior to the end of the term of any such contracts, Chiron is no longer contractually obligated to source all or any portion of Chiron's requirements for API and/or any Filled Product under any such contracts, then Chiron will notify Cubist thereof and thereafter, Cubist, to the extent that it remains so interested, shall be included among the interested contract manufacturers and suppliers with whom Chiron holds discussions for the supply of all or any portion of Chiron's requirements for API and/or such Filled Product.",0
171288,"""INDEMNIFIED PARTY"" shall have the meaning set forth in Section 11.2.",Any assignment or sublease effected by Lessee without such consent shall be void and shall not relieve Lessee of any of its obligations or liabilities hereunder nor confer any rights upon the intended assignee.,0
178075,"In the event: (a) a receiver, liquidator, assignee, custodian, trustee, conservator, sequestrator (or other similar official) shall take possession of a Party or any substantial part of its property without its consent, or a court having jurisdiction in the premises shall enter a decree or order for relief in respect of a Party in an involuntary case under any applicable bankruptcy, insolvency, moratorium or other similar law now or hereafter in effect, or appointing a receiver, liquidator, assignee, custodian, trustee, conservator, sequestrator (or other similar official) of such Party or for any substantial part of its property, or ordering the windingup or liquidation of its affairs and such decree or order shall remain unstayed and in effect for a period of 30 consecutive days; or (b) a Party shall commence a voluntary case under any applicable bankruptcy, insolvency, moratorium or other similar law now or hereafter in effect, or shall consent to the entry of an order for relief in an involuntary case under any such law, or shall consent to the appointment of or taking possession by a receiver, liquidator, assignee, trustee, custodian, conservator, sequestrator (or other similar official) of such Party or of any substantial part of its property, or shall make any general assignment for the benefit of creditors, or shall take any corporate action in furtherance of any of the foregoing; or (c) a Party shall admit in writing its inability to pay its debts as they mature; or (d) a Party shall give notice to any governmental body of insolvency or pending insolvency, or suspension or pending suspension of operations; or (e) any Party fails to perform any of its obligations or covenants or breaches any of its representations under this Agreement or pursuant to the agreements attached as Exhibits hereto (an ""Event of Default""), then the other Party (the ""Nondefaulting Party"") shall have the right to give such party (the ""Defaulting Party"") a notice of default (""Notice of Default"").",CONTINUING OBLIGATIONS.,0
188002,"(b) Medica shall file, prosecute and maintain patent applications and resulting patents, if any, on Medica Inventions or on any Joint Inventions relating to manufacture of the Cartridge.","(b) Medica shall not file, prosecute and maintain patent applications and resulting patents, if any, on Medica Inventions or on any Joint Inventions relating to manufacture of the Cartridge.",1
16841,"If the Sponsor chooses to have CBSI dispose of the materials, a reasonable disposal fee will be charged.","DEFAULT a) If CBSI is in default of its material obligations under this Agreement, then Sponsor shall promptly notify CBSI in writing of any such default.",0
159028,Celgene shall have the right to defend and/or settle any such claim and JMI shall give Celgene such information and assistance as may be reasonably necessary in the conduct of such defense.,Celgene shall not have the right to defend and/or settle any such claim and JMI shall not give Celgene such information and assistance as may be reasonably necessary in the conduct of such defense.,1
53501,"Cubist shall conduct or have conducted stability studies on API and Filled Products as required by Regulatory Authorities and, in any case, on at least one Lot of each Filled Product from each site where such Filled Product is manufactured, in each case at least once per year following the first Commercial Launch of such Filled Product in the Territory.","If Cubist has agreed or a laboratory selected pursuant to Section 5.4(d) has determined that the rejected product is a Defective Manufactured Product, the replacement Filled Product shall be supplied at Cubist's sole cost.",0
205196,(f) Medica is the rightful owner or licensee of any Intellectual Property that it may use in performing its obligations under this agreement.,"(a) In order to be entitled to indemnification under this Article 11 in connection with a claim made by any Person against any other Person with respect to which that other Person (an ""Indemnified Party"") is entitled to indemnification pursuant to this Article 11 (any such claim, a ""Third Party Claim""), that Indemnified Party must do the following: (1) notify the Person or Persons obligated to indemnify it (the ""Indemnifying Party"") in writing, and in reasonable detail, of that Third Party Claim as soon as possible but in any event within 10 Business Days after receipt of notice of that Third Party Claim, except that any failure to give any such notification will only affect the Indemnifying Party's obligation to indemnify the Indemnified Party if the Indemnifying Party has been prejudiced as a result of that failure; and (2) deliver to the Indemnifying Party as soon as possible but in any event within 10 Business Days after the Indemnified Party receives a copy of all notices and documents (including court papers) delivered to that Indemnified Party relating to that Third Party Claim.",0
23430,"AorTech will return materials to suppliers for credit, less restocking fees, when appropriate.","AorTech may return materials to suppliers for credit, less restocking fees, when appropriate.",1
77959,Ligand shall submit each Purchase Order to Cardinal Health at least one hundred and twenty (120) days in advance of the earliest Delivery Date requested in the Purchase Order.,Ligand may submit each Purchase Order to Cardinal Health at least one hundred and twenty (120) days in advance of the earliest Delivery Date requested in the Purchase Order.,1
82433,"During the Term, Cardinal Health shall Manufacture and Package the Products in accordance with the Specifications, the Applicable Laws and the terms and conditions of this Agreement.","In the absence of such indication, the Delivery Date(s) shall be deemed accepted.",0
85625,Cardinal Health shall communicate to Ligand within three (3) business days of the end of each month the quantities (raw material and inprocess) of API in inventory.,Each insurance policy that is required under this Section shall be obtained from an insurance carrier with an A.M. Best rating of at least A VII.,0
187999,"Medica shall also maintain records with respect to its costs, obligations, and performance under this agreement.","Medica shall not also maintain records with respect to its costs, obligations, and performance under this agreement.",1
11338,CBSI will retain the originals in its archives.,CBSI may retain the originals in its archives.,1
89457,"Ligand will specify whether Ligand will observe the Manufacturing, Packaging, or both.","Cardinal Health shall respond promptly to any request made by Ligand for a change in the Specifications, and both parties shall use commercially reasonable, good faith efforts to agree to the terms of such change in a timely manner.",0
77953,"Ligand shall solely control the implementation of any such recall, field alert, withdrawal or field correction.","Ligand shall not solely control the implementation of any such recall, field alert, withdrawal or field correction.",1
191509,"(e) Medica shall acknowledge and accept in writing (by fax, email, or other means of correspondence, tbd) on behalf of Medica any purchase order that Nephros places for Cartridges.","If the terms of any purchase order are inconsistent with the terms of this agreement, the terms of this agreement will control.",0
159027,"In March 2001, Celgene shall provide a firm order for Material for July through September, 2001 and a revised forecast for the months October, 2001 through June, 2002.","In March 2001, Celgene shall not provide a firm order for Material for July through September, 2001 and a revised forecast for the months October, 2001 through June, 2002.",1
83892,The suppliers will be specified in the Specifications.,"In the event payment is not received by Cardinal Health on or before the fortyfifth (45th) day after the date of the invoice, then such unpaid amount shall accrue interest each month at the rate of one percent (1%) per month until paid in full.",0
152698,"Notwithstanding anything contained herein to the contrary, WWI shall not be required to purchase any minimum quantity of the Products.","Notwithstanding anything contained herein to the contrary, WWI may be required to purchase any minimum quantity of the Products.",1
59332,"Each month after the month in which Chiron's Initial Forecast specified in Section 4.1 is submitted, Chiron shall submit to Cubist a written forecast of the quantities of Filled Products it expects to purchase from Cubist during the succeeding [*], and each month thereafter, Chiron will provide Cubist with an update of such forecast (the ""ROLLING FORECAST"").","Chiron shall use reasonable efforts to furnish to Cubist, (i) within [*] of receipt, a copy of any report or correspondence issued by such governmental authority in connection with such inquiry, notification or inspection and (ii) at least [*] prior to the time they are to be provided to a governmental authority, copies of any and all proposed responses or explanations relating to items set forth above, in each case purged only of trade secrets or other confidential or proprietary information of Chiron that are unrelated to its obligations under this Supply Agreement, Filled Products or Finished Products.",0
187996,Medica may not reject any purchase order that complies with the provisions of this Article 3.,Medica may reject any purchase order that complies with the provisions of this Article 3.,1
7,The price of product to Customer shall equal USF's invoice cost (as hereinafter defined) plus the agreed upon fee per case on cost as outlined below.,The price of product to Customer may equal USF's invoice cost (as hereinafter defined) plus the agreed upon fee per case on cost as outlined below.,1
148737,All invoices and other charges payable hereunder will be paid solely in United States Dollars.,Cinram will use commercially reasonable efforts to promptly notify MP3.com in writing if any of its vendors fails to contact Cinram prior to delivery.,0
116119,"(f) All orders will be loaded by Hershey for shipping, in truckload quantities unless otherwise indicated by Topps, to any location within the 48 contiguous states of the United States designated by Topps, by a means of transportation selected by Topps.","Topps represents, warrants and guarantees that no intellectual property which it may provide, and no name or mark or aspect of the trade dress used on the Packaging, or in any other way made a part of the Packaging, shall infringe upon or violate any copyright, patent, trade secret, trade name, trademark or any other proprietary rights, or other utility patent rights, of any person not a party to this Agreement, or violate any laws, rules or regulations prohibiting deceptive or other forms of advertising.",0
204948,"Each party is responsible for filing, prosecuting, and maintaining patent applications and resulting patents on any invention owned solely by it.","Upon the occurrence of an Event of Force Majeure, the party failing or delaying performance shall promptly notify the other party in writing, setting forth the nature of the occurrence, its expected duration, and how that party's performance is affected.",0
72280,"For the purposes of this Supply Agreement, ""Manufacturing Cost"" shall mean the actual cost of manufacturing Licensed Product, consisting of (i) [*] and (ii) [*]; all such costs determined and allocated in accordance with United States' generally accepted accounting principles, and the determination of Manufacturing Cost shall at all times be subject to audit pursuant to Section 11.1 of the License Agreement.","In the event that Chiron exercises its backup supply rights in accordance with the provisions of this Section 11.6, Chiron shall use Commercially Reasonable Efforts to minimize the length of time that it is contractually obligated to source API and/or Filled Product from a supplier other than Cubist and to minimize the applicable transfer price that Chiron agrees to pay to such supplier other than Cubist in connection with API and/or units of Filled Product supplied by such supplier.",0
77960,"Ligand shall provide or approve, prior to the procurement of applicable components, all artwork, advertising and packaging information necessary to Manufacture or Package the Product.","Ligand shall not provide or approve, prior to the procurement of applicable components, all artwork, advertising and packaging information necessary to Manufacture or Package the Product.",1
0,"Customer shall make weekly payments via wire transfer on the following Thursday, for the sales of","Customer shall not make weekly payments via wire transfer on the following Thursday, for the sales of the Applicable Sales Period that ended approximately oneweek prior.",1
159033,JMI shall have the right to participate in such defense at its cost.,JMI may have the right to participate in such defense at its cost.,1
139706,"In the event that such recall results from any cause or event arising from defective manufacture of the Product by 7UP/RC, 7UP/RC shall be responsible for all expenses of the recall.","In the event that such recall results from any cause or event arising from defective manufacture of the Product by 7UP/RC, 7UP/RC shall not be responsible for all expenses of the recall.",1
10,"Customer shall be primarily responsible for all financial obligations hereunder, irrespective of the entity to which Customer may direct that products be delivered.","Customer must not be primarily responsible for all financial obligations hereunder, irrespective of the entity to which Customer may direct that products be delivered.",1
1,Customer will be responsible for restocking charges or freight cost incurred in connection with Dead Inventory.,Customer may be responsible for restocking charges or freight cost incurred in connection with Dead Inventory.,1
19649,Sponsor shall not indemnify the CBSI Group from any Loss from any claim described in clause (iv) hereof arising solely from the willful misconduct or inaction of CBSI.,"CBSI will manufacture utilizing in process control tests to meet the specifications for purity, identity and safety.",0
75674,"Upon receipt of debt owed, the Company will then release all Ingredients and Packaging Materials to the Customer.","Upon receipt of debt owed, the Company shall not then release all Ingredients and Packaging Materials to the Customer.",1
188004,Medica shall maintain all records necessary to evidence compliance with all applicable Laws and other requirements of applicable Governmental Authorities relating to the manufacture of the Cartridge.,Medica may maintain all records necessary to evidence compliance with all applicable Laws and other requirements of applicable Governmental Authorities relating to the manufacture of the Cartridge.,1
71166,"(a) The Parties shall exchange their internal standard operating procedures (""SOPS"") as to product recalls and the treatment of product complaints and inquiries as to safety, quality or efficacy reasonably in advance of the date of Commercial Launch of any Licensed Product in the Territory.","If and to the extent that Chiron needs to submit and make available any Cubist KnowHow or other Information concerning the manufacturing of API, Filled Products and/or Finished Products in connection with any submission by Chiron of any application for Regulatory Approvals of Finished Products within the Territory and the applicable regulatory requirements shall not permit the submission of such Cubist KnowHow or other Information via a Drug Master File, then the Parties agree that such Cubist KnowHow and other Information shall be made available to Chiron for the sole purpose of filing applications for Regulatory Approvals of Finished Products in the Territory and obtaining such Regulatory Approvals, and that Chiron shall not be entitled to use such Cubist KnowHow or other Information for any other purpose whatsoever other than to manufacture or have manufactured API, Filled Products and/or Finished Products.",0
159155,"TERM AND EXCLUSIVITY 2.1 Term This Agreement shall commence on the Effective Date and shall expire on March 31, 2006; provided, however, that this Agreement shall terminate on June 10, 2005, in the event that Celgene is no longer supplying product using dmethylphenidate hydrochloride to Novartis Pharmaceuticals Corporation, or its affiliates, licensees, successors or assigns (""NPC""), beyond such earlier termination date.",JMI agrees to promptly notify Celgene in writing of all claims and threatened claims against JMI for which JMI may be entitled to indemnity hereunder.,0
188001,"(a) Nephros may reject any Cartridge that does not meet the Specifications or otherwise comply with this agreement (any such Cartridge, a ""Nonconforming Cartridge"").","(a) Nephros may not reject any Cartridge that does not meet the Specifications or otherwise comply with this agreement (any such Cartridge, a ""Nonconforming Cartridge"").",1
23184,CBSI will retain the originals in its archives.,CBSI will use its best judgement to establish a manufacturing strategy in consultation with EntreMed.,0
121807,"Hershey shall indemnify, defend and hold harmless Topps from and against any and all claims, demands, suits, judgments, costs and expenses, including, without limitation, reasonable attorneys' fees, resulting from or arising out of any breach or violation of any 13 representation, warranty or guarantee of Hershey in this paragraph 5(b).","Except as expressly set forth in the two previous sentences, this Agreement shall in no way limit the damages that may be awarded by any court or tribunal.",0
5085,USF shall issue a receipt to Customer for any goods picked up for return to ensure that Customer receives a proper credit therefore.,"The USF website is intended to provide Customer with real time visibility to Customer's standard Order Guide, the ability to order online, information on outstanding orders and historical information on past purchases.",0
108371,"(b) For the period from January 1, 1998 through December 31, 1998, Hershey shall sell the Packaged Product to Topps at the price listed on Schedule D1998, F.O.B.","Hershey will provide Topps with a certificate or certificates of insurance evidencing such coverage and such other evidence as Topps may reasonably request to insure that the insurer is required to cover Topps, as an additional insured, for the deductible portion as well.",0
179275,"The termination of this Agreement for any reason shall neither release either Party hereto from any liabilities, obligations or agreements which, pursuant to any provisions of this Agreement, are to survive or be performed after such termination nor shall it release either Party hereto from its liability to pay any sums of money accrued, due, and payable to the other Party or to discharge its thenaccrued and unfulfilled obligations.","Notwithstanding the foregoing, in the event of any such contravention AMFS may at its option terminate this Agreement forthwith by giving to Foamtec written notice of termination.",0
38690,"1.31 ""MANUFACTURING COST"" shall have the meaning assigned to such term in Section 7.1(b).","(a) The Parties shall exchange their internal standard operating procedures (""SOPS"") as to product recalls and the treatment of product complaints and inquiries as to safety, quality or efficacy reasonably in advance of the date of Commercial Launch of any Licensed Product in the Territory.",0
188005,f) Medica will serve as the Authorized Representative for Complaint and Vigilance handling and reporting for Nephros a.,f) Medica shall not serve as the Authorized Representative for Complaint and Vigilance handling and reporting for Nephros a.,1
27585,"6.5 Novoste B.V. shall pay AorTech $5,000 (United States currency) per month for use of a class 100,000 cleanroom dedicated exclusively to manufacture the Product.",15.0 NOTICES 15.1 Any notices required or permitted to be given pursuant to this Agreement shall be sufficient if delivered either by personal delivery or by registered post.,0
162440,"CoPacker shall manufacture the Products at its processing facilities at Irwindale and Los Angeles, California or at such other facility as WWI and CoPacker shall mutually agree (the ""Factory"").","CoPacker shall manufacture the Products at its processing facilities at Irwindale and Los Angeles, Califronia or at such other facility as WWI and CoPacker may not mutually agree (the ""Factory"").",1
102741,Hershey will cooperate in no shipping procedures.,Hershey will cooperate in all shipping procedures.,1
183683,All rent shall be charged as a cost of Lessor in accordance with Section 3.2(c) of the Manufacturing Agreement.,"3.2 AMFS does not make any representation to Foamtec regarding the scope or enforceability of the Technical Information, and does not warrant that any Products manufactured or sold under this Agreement will not infringe patents of others.",0
139705,"Purchaser shall not purchase the equipment specified in Exhibit B (the ""Equipment') at its sole cost and expense.","Purchaser shall purchase the equipment specified in Exhibit B (the ""Equipment') at its sole cost and expense.",1
162439,CoPacker may furnish to WWI insufficient information to verify shipment of the Products.,CoPacker shall furnish to WWI sufficient information to verify shipment of the Products.,1
16545,"b) Sponsor will have title to all Materials, raw data, documentation, records, protocols, specimens and other reports generated as a result of this Program.",This Agreement may be executed in one or more counterparts each of which shall be deemed an original but all of which together shall constitute one and the same instrument.,0
11336,Sponsor shall use best efforts to respond in writing to such Change Order promptly.,Sponsor must not use best efforts to respond in writing to such Change Order promptly.,1
48504,The Parties shall work expeditiously to agree upon such Specifications so as to permit Chiron to have adequate stocks of Conforming Product on hand in advance of the anticipated Commercial Launch in the Territory.,"Cubist shall promptly notify Chiron if for any reason Cubist may not meet Chiron's forecasted requirements of Filled Products, and promptly convene a meeting of the JCT to discuss the shortage.",0
7686,The price structure for this Agreement on the following product categories shall be: &lt;TABLE&gt; &lt;CAPTION&gt; CATEGORY FEE PER CASE &lt;S&gt; &lt;C&gt; [***] $[***] flat [***] $[***] flat [***] $[***] flat &lt;/TABLE&gt; Exceptions to Above Equipment and supply shall be handled as a separate contract.,d. Attorney's Fees.,0
205102,"(c) Medica's Chief Executive Officer, or Amministratore Unico (AU), has duly authorized Medica to execute and deliver this agreement and perform its obligations under this agreement, and no other corporate proceedings of Medica are necessary with respect thereto.","(a) This agreement may be terminated as follows: (1) by Nephros upon 10 Business Days' written notice to Medica if any representation made in this agreement by Medica was materially inaccurate when made and either (1) that inaccuracy has contributed to Nephros's incurring Indemnifiable Losses or (2) Medica fails to take action to render the inaccurate representation accurate as if it were made on the day Nephros would otherwise be entitled to terminate this agreement under this Section 13.2(a)(l); (2) by Medica upon 10 Business Days' written notice to Nephros if any representation made in this agreement by Nephros was materially inaccurate when made and either (1) that inaccuracy has contributed to either or both Medica Entities' incurring Indemnifiable Losses or (2) Nephros fails to take action to render the inaccurate representation accurate as if it were made on the day Medica would otherwise be entitled to terminate this agreement pursuant to this Section 13.2(a)(2); (3) by Nephros immediately if Medica has breached any of its material obligations under this agreement and, if it is curable, has not cured that breach prior to expiration of a 45BusinessDay period from the date of breach; (4) by Medica immediately if Nephros has breached any of its material obligations under this agreement and, if it is curable, has not cured that breach prior to expiration of a 45BusinessDay period from the date of breach; (5) by Nephros immediately if there occurs an Event of Insolvency with respect to Medica; (6) by Medica immediately if there occurs an Event of Insolvency with respect to Nephros; (7) by Nephros, if for any reason other than an Event of Force Majeure Medica fails to deliver within 40 days after the required delivery date, or on more than two occasions in any 90day period fails to deliver within 20 Business Days after the required delivery day, any shipment of Cartridge it is required to deliver pursuant to Section 3.2, Section 4.2, or Section 9.3; (8) by Medica or Nephros on 15 Business Days' prior written notice to Nephros or Medica, respectively, if due to an Event of Force Majeure (A) Nephros or 17 (B) Medica or both of them, respectively, is prevented from performing an obligation under this agreement for more than 60 days, unless prior to the end of the 15BusinessDay period the Event of Force Majeure ceases to exist and the party prevented from performing resumes performance under this agreement and notifies the party giving the notice of termination; (b) The parties may terminate this agreement at any time by written agreement.",0
112740,"If Topps does so commit and meets the 4 million pound level, the notice of termination shall be void and this Agreement shall remain in full force and effect.","Hershey shall be responsible for the normal and customary day to day maintenance and repair of Topps Equipment at its expense as necessary to keep Topps Equipment in good working order but not to exceed the condition in which Hershey received the machinery provided, however, that Topps shall pay for all rebuilds of Topps Equipment necessary in Hershey's reasonable opinion to maintain the operation or performance of the equipment or any other capital improvements to the Topps Equipment made with Topps' prior written consent.",0
188006,"Medica shall also maintain, consistent with the manufacturer's recommendations, an inventory of spare parts of all equipment they use to manufacture the Cartridge.","Medica may also maintain, consistent with the manufacturer's recommendations, an inventory of spare parts of all equipment they use to manufacture the Cartridge.",1
188003,"Medica 3 will invoice all deliveries for European customers to Nephros Europe, which will also provide the payment.","Medica 3 will not invoice all deliveries for European customers to Nephros Europe, which will also provide the payment.",1
130161,All payments shall be stated and paid in United States Dollars.,"(a) Except in the case of a breach of Section 5, any claim, dispute, or controversy arising out of or relating to this Agreement that is not resolved in accordance with the provisions of Section 9.1 will be submitted by the parties to arbitration by the London Court of International Arbitration (LCIA) under the rules then in effect for the LCIA, as modified herein or by agreement of the parties.",0
77962,"Cardinal Health shall timely fill each Purchase Order, subject to the terms and conditions of this Agreement.","Cardinal Health may timely fill each Purchase Order, subject to the terms and conditions of this Agreement.",1
75670,The Company will make available to the Customer 48 x 40 fourway hardwood pallets in quantities sufficient to store and ship all Finished Case Goods at a cost of $___ each.,The Company may make available to the Customer 48 x 40 fourway hardwood pallets in quantities sufficient to store and ship all Finished Case Goods at a cost of $___ each.,1
196590,"If Nephros does not notify Medica that one or more Cartridges do not meet the Specifications or otherwise fail to comply with this agreement, those Cartridges will be deemed to have been accepted by Nephros as being fully compliant with the Specifications and this agreement.","Nephros shall supply to Medica, for use by Medica in performing its obligations under this agreement, the equipment listed in Schedule 5.6.",0
188007,"Nephros shall pay all freight, insurance, duties, and other fees (except tax on income to Medica) incurred in connection with sale and shipment of Cartridges under this agreement.","Nephros shall not pay all freight, insurance, duties, and other fees (except tax on income to Medica) incurred in connection with sale and shipment of Cartridges under this agreement.",1
163587,"This Agreement may, at the option of WWI, be renewed for an additional one (1) year period, and successive one (1) year periods thereafter, by providing written notice to CoPacker of such election to renew at least one hundred eighty (180) days prior to expiration of the Term or any renewal term thereof.","Before commencement of any production under this Agreement and from time to time thereafter upon the expiration of any such certificate of insurance, CoPacker shall furnish WWI with a certificate of insurance evidencing the above coverages.",0
187998,"(b) Nephros shall at its cost obtain and maintain productliability insurance coverage in the amount of $5,000,000 in relation to the Cartridge.","(b) Nephros may at its cost obtain and maintain productliability insurance coverage in the amount of $5,000,000 in relation to the Cartridge.",1
139714,Purchaser shall also be financially responsible for all taxes and freight in connection with the New Equipment.,Purchaser may also be financially responsible for all taxes and freight in connection with the New Equipment.,1
205148,"(e) Medica is not required to obtain the Consent of any Person, including the Consent of any party to any Contract to which it is a party, in connection with execution and delivery of this agreement and performance of its obligations under this agreement.","Whether or not the Indemnifying Party has assumed the defense of a Third Party Claim, the Indemnified Party shall not admit any liability with respect to, or settle, compromise or discharge, that Third Party Claim without the Indemnifying Party's prior written consent.",0
187994,Nephros and Medica shall at the time of each report determine jointly the actions to be taken with respect to these findings.,Nephros and Medica may at the time of each report determine jointly the actions to be taken with respect to these findings.,1
152695,Copacker shall be the exclusive supplier of the Products within the continental United States of America during the term of this Agreement.,Copacker may be the exclusive supplier of the Products within the continental United States of America during the term of this Agreement.,1
52457,None of such additional capital costs or such other expenses of manufacturing that Chiron shall be required to pay pursuant to this Section 3.2(b) [*] pursuant to this Supply Agreement for Filled Product.,"To the extent that Chiron needs to submit and make available any Manufacturing Information in connection with obtaining Regulatory Approval in the Territory, the Parties agree that, to the fullest extent permissible under applicable law, rules and regulations, such Manufacturing Information shall be made available to the applicable Regulatory Authorities * CONFIDENTIAL TREATMENT REQUESTED: MATERIAL HAS BEEN OMITTED AND FILED WITH THE COMMISSION 18 in the Territory via a Drug Master File appropriately formatted for the country in which such DMF is filed and [*] (i.e.",0
3,Customer will notify USF at least [***] days in advance of special promotions that may cause unusual or excessive demand on inventory.,Customer may notify USF at least [***] days in advance of special promotions that may cause unusual or excessive demand on inventory.,1
56807,Cubist shall retain samples from each Lot for a period of at least one (1) year after the expiration date of such Lot.,The provisions of Articles 5 and 8 and Section 3.4 shall survive the expiration or termination of this Supply Agreement to the extent applicable to binding Purchase Orders that are outstanding at the time of such expiration or termination.,0
177616,"At any time following the third anniversary of the date hereof, Foamtec shall have the right, exercisable from time to time by written notice to AMFS, to purchase the interest of AMFS under this Agreement at a price calculated as the present value, discounted at the average over the prior three months of the prime rate as announced from time to time by Wells Fargo Bank, N.A.","The terms and conditions of this Lease shall prevail notwithstanding any variance therein from the terms and conditions of any other document relating to this transaction, whether prepared and submitted by Lessor or by Lessee.",0
139707,"7UP/RC shall charge Purchaser and Purchaser shall pay for Product as specified in Exhibit A, unless 7UP/RC and Purchaser agree in writing to a different price.","7UP/RC may charge Purchaser and Purchaser shall pay for Product as specified in Exhibit A, unless 7UP/RC and Purchaser agree in writing to a different price.",1
152688,CoPacker shall reimburse WWI in full for the quantity of the Products rejected and returned.,CoPacker may reimburse WWI in full for the quantity of the Products rejected and returned.,1
75672,"2 4.3 The Company shall supply the Ingredients and Packaging Materials set forth in Schedule ""A"" or as mutually agreed to by the Company and the Customer.","2 4.3 The Company shall not supply the Ingredients and Packaging Materials set forth in Schedule ""A"" or as mutually agreed to by the Company and the Customer.",1
152690,CoPacker shall deliver all the Products that WWI purchases under this Agreement to WWI F.O.B.,CoPacker may deliver all the Products that WWI purchases under this Agreement to WWI F.O.B.,1
4,Customer will be required to complete the New Product/Special Order Notification and Agreement attached hereto as ATTACHMENT B for all Proprietary Products.,Customer will not be required to complete the New Product/Special Order Notification and Agreement attached hereto as ATTACHMENT B for all Proprietary Products.,1
101263,Supplier will commence such performance within five (5) calendar days of Buyer's written notice to Supplier of an Epidemic Defect Rate.,"Unless otherwise provided by local law without the possibility of contractual waiver or limitation, any legal or other action related to this Agreement must be commenced no later than two (2) years from the date on which the claim of action arose.",0
56465,Cubist shall bear the costs and expenses associated with shipping validation.,"Not more than [*] prior to the first anticipated delivery date of Licensed Product, Chiron shall submit to Cubist the first written forecast (""INITIAL FORECAST"") of the quantities of Filled Products it expects to purchase from Cubist during the succeeding [*].",0
43739,"1.50 ""TRANSFER PRICE"" shall have the meaning assigned to such term in Section 7.1(a).","No subsequent alteration, amendment, change or addition to this Supply Agreement shall be binding upon the Parties unless reduced to writing and signed by an authorized officer of each Party.",0
28874,"8.2 After the initial term of this Agreement, the duration of this Agreement shall thereafter automatically renew for an additional twelve month period except that either Novoste B.V. or AorTech may terminate the Agreement by giving ninety (90) days prior written notice of termination, such termination to be effective at the end of the relevant twelve month period.","23.3 AorTech warrants its right under this Agreement to convey the Product and that the Product is and will continue to be, upon delivery from AorTech, free of all liens and encumbrances.",0
118829,Topps will reimburse Hershey for all of its outofpocket expenses for Hershey's actual capital expense and capital costs for installing the machinery provided by Topps.,"(i) Hershey and Topps will not use or commercially exploit for its own benefit or the benefit of others any Confidential Information, nor will the receiving party disclose any Confidential Information to any person, firm or corporation except (i) employees of the receiving party who have a need to know such 17 Confidential Information and who have been informed of the receiving party's obligations hereunder, and (ii) contractors or consultants under contract to the receiving party who have a need to know such Confidential Information, who have been approved by the disclosing party in advance of any disclosure of Confidential Information, and who have been informed of the receiving party's obligations hereunder, unless the information: 1. was known to the receiving party prior to disclosure by the disclosing party; or 2. was publicly available at the time of the disclosure to the receiving party; or 3. subsequently becomes publicly available through no fault of the receiving party; or 4. is rightfully acquired by the receiving party subsequent to disclosure by the disclosing party from a third party who is not in breach of a confidential relationship to the disclosing party with regard to such information; or 5. is independently developed by the receiving party and the receiving party shall have the obligation of proving independent development.",0
99080,"Supplier will not make any changes to the form, fit or function of the Products without Buyer's prior written consent, such consent not to be withheld unreasonably.","Supplier will make any changes to the form, fit or function of the Products without Buyer's prior written consent, such consent not to be withheld unreasonably.",1
166478,"CoPacker may restrict access by WWI's representatives to only those areas where the Products and ingredients and materials for the Products are processed, tested, or stored.","If a court of competent jurisdiction rules that any provision set forth in this Agreement is unenforceable, then such provision shall be deemed modified to the extent that, in the court's opinion, is necessary to make it enforceable.",0
121316,"Topps shall have no right to use any of Hershey's marks, names, other trade identities, copyrighted works or other intellectual property except to the extent that Hershey has incorporated its own intellectual property in or used in the manufacture of the Product or Packaged Product supplied by Hershey to Topps.","Beginning on December 31, 1998 and on each December 31 thereafter, the Extended Term shall automatically be extended for an additional term of one (1) year so that there are always five (5) years remaining in the term, unless either party delivers notice, at least thirty (30) days prior to any such December 31, of its desire to terminate this Agreement at the end of the then current five (5) year term.",0
77954,Ligand shall be permitted to send a representative to inventory API at Cardinal Health upon reasonable prior notice and not more than once in any 12month period.,Ligand may be permitted to send a representative to inventory API at Cardinal Health upon reasonable prior notice and not more than once in any 12month period.,1
