206909,"The cost of any such arbitration will be divided equally between Nephros, on the one hand, and Medica, on the other hand, with each party bearing its own attorneys' fees and costs.","The cost of any such arbitration will be divided equally between Nephros, on the one hand, and Medica, on the other hand, with each party bearing its own attorneys' fees and costs.",0
139712,Purchaser shall pay 7UP/RC a deposit equal to 7UP/RC standard rate which shall be refunded to Purchaser when the shells are returned.,Purchaser may pay 7UP/RC a deposit equal to 7UP/RC standard rate which may be refunded to Purchaser when the shells are returned.,1
206905,"One arbitrator must be a lawyer, the second must be an expert in financial matters, and the third must have expertise in the manufacture of hemodialysis products.","One arbitrator must be a lawyer, the second must be an expert in financial matters, and the third must have expertise in the manufacture of hemodialysis products.",0
206900,The parties shall attempt in good faith to resolve any controversy or claim that may arise concerning their respective rights and obligations under this agreement.,The parties shall attempt in good faith to resolve any controversy or claim that may arise concerning their respective rights and obligations under this agreement.,0
206898,"""Indemnifiable Losses"" means all losses, liabilities, taxes, damages, deficiencies, obligations, fines, expenses, claims, demands, actions, suits, proceedings, judgments or settlements, whether or not resulting from Third Party Claims, incurred or suffered by an Indemnified Party, including interest and penalties with respect thereto and outofpocket expenses and reasonable attorneys' and accountants' and experts' fees and expenses incurred in the investigation or defense of any of the same or in asserting, preserving or enforcing any of the Indemnified Party's rights hereunder, net of any amounts recovered or recoverable under any insurance policy.","""Indemnifiable Losses"" means all losses, liabilities, taxes, damages, deficiencies, obligations, fines, expenses, claims, demands, actions, suits, proceedings, judgments or settlements, whether or not resulting from Third Party Claims, incurred or suffered by an Indemnified Party, including interest and penalties with respect thereto and outofpocket expenses and reasonable attorneys' and accountants' and experts' fees and expenses incurred in the investigation or defense of any of the same or in asserting, preserving or enforcing any of the Indemnified Party's rights hereunder, net of any amounts recovered or recoverable under any insurance policy.",0
56284,"Thereafter, Cubist shall follow such protocols.","Before agreeing to supply Chiron with Excess Quantities, Cubist may notify Chiron that it will do so only on the condition that Chiron pay its documented excess costs specified in such notice as being in excess of the applicable Transfer Price that Cubist will incur in order to provide the Excess Quantities.",0
206910,14.6 Force Majeure.,14.6 Force Majeure.,0
141471,Purchaser shall be responsible for the actual cost of the Equipment.,"7UP/RC shall also: (a) maintain and operate its bottling and canning plants at all times in good and sanitary operating order, condition and repair and in compliance with any standards required by applicable law, with sufficient production and storage capacity to fully and faithfully to perform its obligations under this Agreement; (b) date and production code each production run of the Product by a legible means to identify at least the date when and the packing such Product were produced, and keep Purchaser fully apprised of the coding systems used and all changes therein; and (c) package all Product in accordance with manufacturing standards (if any) specified by Purchaser and to such standards as are required by applicable law.",0
10,"Customer shall be primarily responsible for all financial obligations hereunder, irrespective of the entity to which Customer may direct that products be delivered.","Customer must not be primarily responsible for all financial obligations hereunder, irrespective of the entity to which Customer may direct that products be delivered.",1
152691,"CoPacker may not use any of such trademarks or trade names, except as WWI authorizes in writing.","CoPacker may use any of such trademarks or trade names, except as WWI authorizes in writing.",1
206916,"Neither party may assign any of its rights or obligations under this agreement without the prior written consent of the other, which the other party may not unreasonably withhold, except that Nephros may upon giving written notice to Medica assign or transfer its rights and obligations under this agreement to an Affiliate of Nephros or a successor to all or substantially all of its assets or business relating to this agreement, whether by sale, merger, operation of law, or otherwise.","Neither party may assign any of its rights or obligations under this agreement without the prior written consent of the other, which the other party may not unreasonably withhold, except that Nephros may upon giving written notice to Medica assign or transfer its rights and obligations under this agreement to an Affiliate of Nephros or a successor to all or substantially all of its assets or business relating to this agreement, whether by sale, merger, operation of law, or otherwise.",0
159027,"In March 2001, Celgene shall provide a firm order for Material for July through September, 2001 and a revised forecast for the months October, 2001 through June, 2002.","In March 2001, Celgene shall not provide a firm order for Material for July through September, 2001 and a revised forecast for the months October, 2001 through June, 2002.",1
187996,Medica may not reject any purchase order that complies with the provisions of this Article 3.,Medica may reject any purchase order that complies with the provisions of this Article 3.,1
188007,"Nephros shall pay all freight, insurance, duties, and other fees (except tax on income to Medica) incurred in connection with sale and shipment of Cartridges under this agreement.","Nephros shall not pay all freight, insurance, duties, and other fees (except tax on income to Medica) incurred in connection with sale and shipment of Cartridges under this agreement.",1
187995,Nephros must order for delivery in any given Quarter an aggregate quantity of Cartridge not exceeding 110% of the Final Forecast Quantity.,Nephros may order for delivery in any given Quarter an aggregate quantity of Cartridge not exceeding 110% of the Final Forecast Quantity.,1
152696,"CoPacker may restrict access by WWI's representatives to only those areas where the Products and ingredients and materials for the Products are processed, tested, or stored.","CoPacker may not restrict access by WWI's representatives to only those areas where the Products and ingredients and materials for the Products are processed, tested, or stored.",1
188001,"(a) Nephros may reject any Cartridge that does not meet the Specifications or otherwise comply with this agreement (any such Cartridge, a ""Nonconforming Cartridge"").","(a) Nephros may not reject any Cartridge that does not meet the Specifications or otherwise comply with this agreement (any such Cartridge, a ""Nonconforming Cartridge"").",1
206912,"Upon the occurrence of an Event of Force Majeure, the party failing or delaying performance shall promptly notify the other party in writing, setting forth the nature of the occurrence, its expected duration, and how that party's performance is affected.","Upon the occurrence of an Event of Force Majeure, the party failing or delaying performance shall promptly notify the other party in writing, setting forth the nature of the occurrence, its expected duration, and how that party's performance is affected.",0
206875,"(a) In order to be entitled to indemnification under this Article 11 in connection with a claim made by any Person against any other Person with respect to which that other Person (an ""Indemnified Party"") is entitled to indemnification pursuant to this Article 11 (any such claim, a ""Third Party Claim""), that Indemnified Party must do the following: (1) notify the Person or Persons obligated to indemnify it (the ""Indemnifying Party"") in writing, and in reasonable detail, of that Third Party Claim as soon as possible but in any event within 10 Business Days after receipt of notice of that Third Party Claim, except that any failure to give any such notification will only affect the Indemnifying Party's obligation to indemnify the Indemnified Party if the Indemnifying Party has been prejudiced as a result of that failure; and (2) deliver to the Indemnifying Party as soon as possible but in any event within 10 Business Days after the Indemnified Party receives a copy of all notices and documents (including court papers) delivered to that Indemnified Party relating to that Third Party Claim.","(a) In order to be entitled to indemnification under this Article 11 in connection with a claim made by any Person against any other Person with respect to which that other Person (an ""Indemnified Party"") is entitled to indemnification pursuant to this Article 11 (any such claim, a ""Third Party Claim""), that Indemnified Party must do the following: (1) notify the Person or Persons obligated to indemnify it (the ""Indemnifying Party"") in writing, and in reasonable detail, of that Third Party Claim as soon as possible but in any event within 10 Business Days after receipt of notice of that Third Party Claim, except that any failure to give any such notification will only affect the Indemnifying Party's obligation to indemnify the Indemnified Party if the Indemnifying Party has been prejudiced as a result of that failure; and (2) deliver to the Indemnifying Party as soon as possible but in any event within 10 Business Days after the Indemnified Party receives a copy of all notices and documents (including court papers) delivered to that Indemnified Party relating to that Third Party Claim.",0
6,"Customer shall make weekly payments via wire transfer on the following Thursday, for the sales of the Applicable Sales Period that ended approximately oneweek prior.","Customer shall not make weekly payments via wire transfer on the following Thursday, for the sales of the Applicable Sales Period that ended approximately oneweek prior.",1
147411,MP3.com may from time to time during the Term request Cinram to perform Fulfillment Services on its behalf not covered by this Agreement or to change any Service Level (&quot;Special Services&quot;).,"If through Cinram's buying power Cinram can effectively reduce MP3.com's freight expense, then upon the mutual written agreement of the parties Cinram will prepay and bill the freight to MP3.com with a [***] markup.",0
206886,"No party will be liable to any other for any indirect, consequential, or special damages or for loss of profits.","No party will be liable to any other for any indirect, consequential, or special damages or for loss of profits.",0
206879,The Indemnifying Party will be liable for the fees and expenses of counsel employed by the Indemnified Party for any period during which the Indemnifying Party did not assume the defense of any Third Party Claim (other than during any period in which the Indemnified Party failed to give notice of the Third Party Claim as provided above and a reasonable period after such notice).,The Indemnifying Party will be liable for the fees and expenses of counsel employed by the Indemnified Party for any period during which the Indemnifying Party did not assume the defense of any Third Party Claim (other than during any period in which the Indemnified Party failed to give notice of the Third Party Claim as provided above and a reasonable period after such notice).,0
195441,"If Nephros pays an invoice before Nephros examines the shipment as provided in Section 4.2 and thereafter determines that one or more Cartridges do not meet the Specifications, Medica shall reimburse Nephros, by wire transfer, the purchase price of the nonconforming Cartridges within 14 Calendar Days of Nephros notifying Medica of that nonconformity.","d) Complaint investigations shall be a shared process between Medica (QA, Manufacturing, and Engineering) and Nephros (QA and R&D).",0
75669,9.5 The Company shall provide to the Customer written notification not less than thirty (30) days of any changes to the fees referred to herein due to direct increase/decrease costs by Company.,9.5 The Company shall not provide to the Customer written notification not less than thirty (30) days of any changes to the fees referred to herein due to direct increase/decrease costs by Company.,1
121312,"Topps shall have no right to use any of Hershey's marks, names, other trade identities, copyrighted works or other intellectual property except to the extent that Hershey has incorporated its own intellectual property in or used in the manufacture of the Product or Packaged Product supplied by Hershey to Topps.","Hershey shall indemnify, defend and hold harmless Topps from and against any and all claims, demands, suits, judgments, costs and expenses, including, without limitation, reasonable attorneys' fees, resulting from or arising out of any breach or violation of any 13 representation, warranty or guarantee of Hershey in this paragraph 5(b).",0
139703,"At the end of the term of this Agreement, 7UP/RC may use the Equipment to produce Products as well as other energy drinks.","At the end of the term of this Agreement, 7UP/RC shall not use the Equipment to produce Products as well as other energy drinks.",1
152689,CoPacker shall assume all costs of transportation and handling both ways for such rejected Products.,CoPacker shall not assume all costs of transportation and handling both ways for such rejected Products.,1
188009,"Nephros shall supply to Medica, for use by Medica in performing its obligations under this agreement, the equipment listed in Schedule 5.6.","Nephros shall not supply to Medica, for use by Medica in performing its obligations under this agreement, the equipment listed in Schedule 5.6.",1
9,Customer shall make arrangements through USF order department for any goods to be returned to USF.,Customer shall not make arrangements through USF order department for any goods to be returned to USF.,1
139706,"In the event that such recall results from any cause or event arising from defective manufacture of the Product by 7UP/RC, 7UP/RC shall be responsible for all expenses of the recall.","In the event that such recall results from any cause or event arising from defective manufacture of the Product by 7UP/RC, 7UP/RC shall not be responsible for all expenses of the recall.",1
55881,"Cubist shall perform, or cause to be performed, all reasonable testing in connection with the release of Filled Product as may be required for satisfying the Regulatory Authorities or Applicable Laws or monitoring QC.","Subject to Section 4.6, (a) the first [*] of the Initial Forecast shall not be binding upon Cubist, (b) the [*] of the Initial Forecast shall be binding upon Chiron and Cubist, (c) the [*] shall be binding to the extent that Chiron shall be obligated to purchase and Cubist shall be obligated to supply not less than [*] of the forecasted quantities of Filled Products, but Chiron may, at its option, purchase, and Cubist shall be obligated to supply, up to [*] of the quantities forecasted for those [*] (the latter quantities being referred to hereinafter as the ""INITIAL FORECAST MAXIMUM QUANTITIES"") and (d) the [*] of the Initial Forecast shall be nonbinding.",0
112099,Topps will pay Hershey the invoiced amount within 30 days of the invoice date.,The parties shall share the costs and expenses of any other recall.,0
206885,"If the Indemnifying Party has timely disputed its liability with respect to the Claim, the Indemnifying Party and the Indemnified Party shall proceed in good faith to negotiate a resolution of the Claim and, if the Claim is not resolved through negotiations within 60 Business Days following receipt by the Indemnifying Party of notice of that Claim from the Indemnified Party, the Indemnified Party may take the dispute to arbitration pursuant to Section 14.5.","If the Indemnifying Party has timely disputed its liability with respect to the Claim, the Indemnifying Party and the Indemnified Party shall proceed in good faith to negotiate a resolution of the Claim and, if the Claim is not resolved through negotiations within 60 Business Days following receipt by the Indemnifying Party of notice of that Claim from the Indemnified Party, the Indemnified Party may take the dispute to arbitration pursuant to Section 14.5.",0
128481,"Thereafter, Cubist shall commence purchasing Product from DSM in accordance with the obligations specified in Section 3.2; provided that: (i) Cubist shall not be required to cancel binding purchase orders with any third party and (ii) DSM shall pay all cancellation costs incurred by Cubist in switching its purchases to DSM.",: (617) 5761999 or to such other place as any party may designate as to itself by written notice to the other party.,0
206920,23 if to Medica: Medica s.r.l.,23 if to Medica: Medica s.r.l.,0
75673,8.2 The Customer shall be allowed to return 48 x 40 fourway hardwood pallets and to receive credit for those returned as long as the Company is satisfied with the condition of such pallet.,8.2 The Customer shall not be allowed to return 48 x 40 fourway hardwood pallets and to receive credit for those returned as long as the Company is satisfied with the condition of such pallet.,1
139711,"If requested by Purchaser, 7UP/RC shall provide Purchaser with suitable evidence establishing that a cost increase did occur.","If requested by Purchaser, 7UP/RC shall not provide Purchaser with suitable evidence establishing that a cost increase did occur.",1
102743,"In the event that Topps purchases less than such amount, the prices should be adjusted to reflect any increases in cost to Hershey.","In the event that Topps purchases less than such amount, the prices shall be adjusted to reflect any increased cost to Hershey.",1
4,Customer will be required to complete the New Product/Special Order Notification and Agreement attached hereto as ATTACHMENT B for all Proprietary Products.,Customer will not be required to complete the New Product/Special Order Notification and Agreement attached hereto as ATTACHMENT B for all Proprietary Products.,1
3,Customer will notify USF at least [***] days in advance of special promotions that may cause unusual or excessive demand on inventory.,Customer may notify USF at least [***] days in advance of special promotions that may cause unusual or excessive demand on inventory.,1
119995,"In the event Topps ceases to carry adequate insurance that names Hershey as an additional insured, and Topps fails to cure such breach within fortyfive (45) days after written notice by Hershey, Hershey may terminate this Agreement by giving Topps written notice of Hershey's election to terminate this Agreement on twelve (12) months' notice; provided, however, that during such twelve (12) month period Hershey shall have the right to buy such insurance and bill Topps therefor.","HERSHEY'S RESPONSIBILITIES (a) As an essential condition of this Agreement, Hershey shall, at all times, manufacture and produce the Product and the Packaged Product strictly in accordance with Topps specifications, formula sequences, time requirements and quality standards, which Topps may revise from timetotime.",0
206878,"If the Indemnifying Party assumes defense of any Third Party Claim, the Indemnified Party will be entitled to participate in the defense of that Third Party Claim and to employ counsel, at its own expense, separate from counsel employed by the Indemnifying Party, it being understood that the Indemnifying Party will be entitled to control that defense.","If the Indemnifying Party assumes defense of any Third Party Claim, the Indemnified Party will be entitled to participate in the defense of that Third Party Claim and to employ counsel, at its own expense, separate from counsel employed by the Indemnifying Party, it being understood that the Indemnifying Party will be entitled to control that defense.",0
187994,Nephros and Medica shall at the time of each report determine jointly the actions to be taken with respect to these findings.,Nephros and Medica may at the time of each report determine jointly the actions to be taken with respect to these findings.,1
195265,"Nephros shall pay each such invoice in full within 45 Calendar Days from the date of invoice, unless Nephros has rejected the shipment in question in accordance with Section 4.2.",The parties shall establish and hold meetings of a Joint Review Committee annually.,0
152694,CoPacker shall furnish to WWI without charge samples of the Products that WWI reasonably requests for quality control testing and evaluation.,CoPacker may furnish to WWI without charge samples of the Products that WWI reasonably requests for quality control testing and evaluation.,1
139705,"Purchaser shall not purchase the equipment specified in Exhibit B (the ""Equipment') at its sole cost and expense.","Purchaser shall purchase the equipment specified in Exhibit B (the ""Equipment') at its sole cost and expense.",1
187998,"(b) Nephros shall at its cost obtain and maintain productliability insurance coverage in the amount of $5,000,000 in relation to the Cartridge.","(b) Nephros may at its cost obtain and maintain productliability insurance coverage in the amount of $5,000,000 in relation to the Cartridge.",1
206924,"Nothing in this agreement creates, or will be deemed to create, a partnership or the relationship of principal and agent or employer and employee between the parties.","Nothing in this agreement creates, or will be deemed to create, a partnership or the relationship of principal and agent or employer and employee between the parties.",0
149991,Inbound shipments arriving at Cinram's warehouse without one Business Day's prior notice may be delayed depending on the space and manpower available at the time of arrival.,"This Agreement will be governed by and construed, interpreted and enforced under the laws of the State of California.",0
162437,CoPacker will assume no costs of transportation and handling for such rejected Products.,CoPacker shall assume all costs of transportation and handling both ways for such rejected Products.,1
152692,Payments by WWI for any quantity of the Products shall not constitute approval or acceptance of such Products.,Payments by WWI for any quantity of the Products shall constitute approval or acceptance of such Products.,1
206899,"At any time or from time to time from the date of this agreement, Medica, on the one hand, and Nephros, on the other hand, shall at the request, and at the expense, of the other do the following: (1) to the extent consistent with this agreement deliver to the other such records, data, or other documents requested by the other; and (2) take or cause to be taken all such other actions as are reasonably necessary or desirable in order to permit the other to obtain the full benefits of this agreement.","At any time or from time to time from the date of this agreement, Medica, on the one hand, and Nephros, on the other hand, shall at the request, and at the expense, of the other do the following: (1) to the extent consistent with this agreement deliver to the other such records, data, or other documents requested by the other; and (2) take or cause to be taken all such other actions as are reasonably necessary or desirable in order to permit the other to obtain the full benefits of this agreement.",0
206895,C. Nephros shall pay Medica an amount equal to the purchase price of any Cartridges manufactured in connection with purchase orders that remain open on the date of termination of this agreement and Medica shall deliver to Nephros pursuant to Section 3.2 those Cartridges.,C. Nephros shall pay Medica an amount equal to the purchase price of any Cartridges manufactured in connection with purchase orders that remain open on the date of termination of this agreement and Medica shall deliver to Nephros pursuant to Section 3.2 those Cartridges.,0
26562,"5 5 4.2 AorTech shall immediately notify Novoste B.V. upon receipt of communication scheduling an inspection, excluding an inspection requested by Novoste B.V., stated above in Section 4.1.",Until such time pricing shall remain as indicated in section 6 of this Agreement.,0
159031,JMI shall have the right to participate in such defense at its cost.,JMI may have the right to participate in such defense at its cost.,1
152695,Copacker shall be the exclusive supplier of the Products within the continental United States of America during the term of this Agreement.,Copacker may be the exclusive supplier of the Products within the continental United States of America during the term of this Agreement.,1
206877,"If the Indemnifying Party so elects to assume the defense of a Third Party Claim, the Indemnifying Party will not be liable to the Indemnified Party for any legal expenses subsequently incurred by the Indemnified Party in connection with the defense of that Third Party Claim, except that if, under applicable standards of professional conduct, there exists a conflict on any significant issue between the Indemnified Party and the Indemnifying Party in connection with that Third Party Claim, the Indemnifying Party shall pay the reasonable fees and expenses of one additional counsel to act with respect to that issue to the extent necessary to resolve that conflict.","If the Indemnifying Party so elects to assume the defense of a Third Party Claim, the Indemnifying Party will not be liable to the Indemnified Party for any legal expenses subsequently incurred by the Indemnified Party in connection with the defense of that Third Party Claim, except that if, under applicable standards of professional conduct, there exists a conflict on any significant issue between the Indemnified Party and the Indemnifying Party in connection with that Third Party Claim, the Indemnifying Party shall pay the reasonable fees and expenses of one additional counsel to act with respect to that issue to the extent necessary to resolve that conflict.",0
162440,"CoPacker shall manufacture the Products at its processing facilities at Irwindale and Los Angeles, California or at such other facility as WWI and CoPacker shall mutually agree (the ""Factory"").","CoPacker shall manufacture the Products at its processing facilities at Irwindale and Los Angeles, Califronia or at such other facility as WWI and CoPacker may not mutually agree (the ""Factory"").",1
13363,"Unless otherwise agreed in the Scope, all communications between CBSI and the Sponsor regarding the conduct of the Program pursuant to the Scope shall be addressed to or routed through the Program Manager and Sponsor Representative, directly.",b) CBSI will develop specifications for all raw materials based on information provided by EntreMed.,0
123047,(b) Cubist shall not be required to pay DSM for any Product which has been property rejected in accordance with clause 3.11 sub (a).,(b) Cubist may be required to pay DSM for any Product which has been properly rejected in accordance with clause 3.11 sub (a).,1
132136,"DSM shall return to Cubist, freight prepaid, all replaced Product, * Confidential treatment requested: Material has been omitted and filed with the Commission.","In making proof of this Agreement, it shall not be necessary to produce or account for more than one such counterpart.",0
75670,The Company will make available to the Customer 48 x 40 fourway hardwood pallets in quantities sufficient to store and ship all Finished Case Goods at a cost of $___ each.,The Company may make available to the Customer 48 x 40 fourway hardwood pallets in quantities sufficient to store and ship all Finished Case Goods at a cost of $___ each.,1
107623,"Hershey shall perform such additional quality assurance tests, audits or evaluation that Topps may request, and Topps shall pay the incremental cost, if any, of the additional functions.","Hershey's production facility, exclusive of all sales, use, excise or other taxes, charges or assessments imposed on the purchase and resale of the Packaged Product, subject only those changes described in paragraph (d) below.",0
86425,"In the event of (i) a Specification change requested by Ligand or Cardinal Health for Ligand's benefit and agreed by the parties or to comply with any new requirement of a Regulatory Authority, (ii) termination by Ligand without cause or expiration of this Agreement; or (iii) unforeseeable obsolescence of any Raw Material, Ligand shall bear the cost of any unused Raw Materials which cannot be otherwise used by Cardinal Health nor returned for credit, provided that Cardinal Health purchased such Raw Materials in quantities consistent with Ligand's most recent Firm Commitment and the supplier's minimum purchase obligations.",Each insurance policy that is required under this Section shall be obtained from an insurance carrier with an A.M. Best rating of at least A VII.,0
182511,"Each of the parties agrees to (a) the irrevocable designation of the Secretary of State of the State of California as its agent upon whom process against it may be served, and (b) personal jurisdiction in any action brought in any court, federal or state, within the State of California having subject matter jurisdiction arising under this Agreement.","Failing such settlement the dispute shall be settled by arbitration in accordance with the Rules of the Singapore International Arbitration Centre in effect at the time of arbitration, by one or more arbitrators designated in conformity with these rules, the awards being formal and binding.",0
2654,"Customer and USF will mutually agree upon the disposition of Proprietary Products showing no movement for [***] days (""Dead Inventory"") and Customer will be responsible for the disposition of the Proprietary Products that we agree to.","If a force majeure event prevents USF from supplying all of the product needs of its customers, USF shall allocate such product as is available to USF among its customers in such manner as USF reasonably determines.",0
159030,7.3 JMI will provide Celgene with the results of all assays required to be run under the Specifications.,7.3 JMI will not provide Celgene with the results of all assays required to be run under the Specifications.,1
206907,The language of the arbitration will be English.,The language of the arbitration will be English.,0
172824,"""SIAC RULES"" shall have the meaning set forth in Section 10.2.","The Rental Commencement Date of this Lease for the purpose of determining when the monthly rental payments begin hereunder shall be the date on which Lessor notifies Lessee that the Equipment is installed, ready for use, at Lessee's installation site.",0
206883,"(c) In order for any Indemnified Party to be entitled to any indemnification under this agreement in respect of a claim that does not involve a Third Party Claim (a ""Claim""), the Indemnified Party must reasonably promptly notify the Indemnifying Party of that Claim, and describe in reasonable detail the basis for that Claim, except that any failure to give any such notification will only affect the Indemnifying Party's obligation to indemnify the Indemnified Party if the Indemnifying Party has been prejudiced as a result of that failure.","(c) In order for any Indemnified Party to be entitled to any indemnification under this agreement in respect of a claim that does not involve a Third Party Claim (a ""Claim""), the Indemnified Party must reasonably promptly notify the Indemnifying Party of that Claim, and describe in reasonable detail the basis for that Claim, except that any failure to give any such notification will only affect the Indemnifying Party's obligation to indemnify the Indemnified Party if the Indemnifying Party has been prejudiced as a result of that failure.",0
1,Customer will be responsible for restocking charges or freight cost incurred in connection with Dead Inventory.,Customer may be responsible for restocking charges or freight cost incurred in connection with Dead Inventory.,1
75672,"2 4.3 The Company shall supply the Ingredients and Packaging Materials set forth in Schedule ""A"" or as mutually agreed to by the Company and the Customer.","2 4.3 The Company shall not supply the Ingredients and Packaging Materials set forth in Schedule ""A"" or as mutually agreed to by the Company and the Customer.",1
99082,Buyer may EXHIBIT 10.24 GOODS AGREEMENT cancel or reschedule the delivery date or change the delivery point as specified in the relevant SOW.,Buyer shall not EXHIBIT 10.24 GOODS AGREEMENT cancel or reschedule the delivery date or change the delivery point as specified in the relevant SOW.,1
152698,"Notwithstanding anything contained herein to the contrary, WWI shall not be required to purchase any minimum quantity of the Products.","Notwithstanding anything contained herein to the contrary, WWI may be required to purchase any minimum quantity of the Products.",1
162438,"CoPacker shall label all Products using artwork, graphics, and label copy that WWI may furnish.","CoPacker shall label all Products using artwork, graphics, and label copy that WWI shall furnish.",1
206893,"(a) Expiration of the term of this agreement and termination under 13.2 will have one or more of the following consequences according to the table set out below: A. Nephros shall pay to Medica, and Medica shall pay to Nephros, all amounts payable up to the date of termination but not yet paid.","(a) Expiration of the term of this agreement and termination under 13.2 will have one or more of the following consequences according to the table set out below: A. Nephros shall pay to Medica, and Medica shall pay to Nephros, all amounts payable up to the date of termination but not yet paid.",0
188010,Medica will also be given first consideration in good faith for the manufacture of Cartridges not directly marketed by Nephros.,Medica may also be given first consideration in good faith for the manufacture of Cartridges not directly marketed by Nephros.,1
206888,This Section 12.3 does not apply to any liability of a party in respect of death or personal injury arising out of the negligence or willful misconduct of that party or its agents or Representatives.,This Section 12.3 does not apply to any liability of a party in respect of death or personal injury arising out of the negligence or willful misconduct of that party or its agents or Representatives.,0
99079,Supplier will only deliver the Products specified in a WA.,Supplier will not only deliver the Products specified in a WA.,1
102740,(v) Hershey will invoice Topps for the Packaged Products produced by Hershey at the time of shipment of such Packaged Products to Topps.,(v) Hershey will not invoice Topps for the Packaged Products produced by Hershey at the time of shipment of such Packaged Products to Topps.,1
162439,CoPacker may furnish to WWI insufficient information to verify shipment of the Products.,CoPacker shall furnish to WWI sufficient information to verify shipment of the Products.,1
187152,"No delay or omission by Lessor to exercise any remedy or right accruing upon a default shall impair any such remedy or right, nor be construed to be 7 a waiver of any such default or any other default, nor an acquiescence therein, nor a waiver of or in any manner affect Lessor's right not to waive any subsequent default of the same or of a different nature.",4.3 All Technical Information covered by this Agreement is property of AMFS and shall be maintain in confidence by Foamtec.,0
186018,ASSIGNMENT; NO SETOFF AGAINST ASSIGNEE.,"3 5.3 GOVERNMENT APPROVALS: Foamtec shall, at its own expense, take whatever steps are required to satisfy the laws and requirements of the respective countries within respect to declaring, recording and otherwise rendering this Agreement valid.",0
67432,"If at any time after delivery of Filled Product to Chiron, Chiron reasonably believes that such Filled Product is not stable during its Remaining Shelflife, then Chiron shall deliver a sample of such Filled Product to Cubist and a certification that Chiron properly stored the Filled Product in question.","The warranties set forth in the foregoing Section 9.1(a) shall not apply to, and Cubist shall not be in breach of such warranties with respect to, any units of Filled Product that have been altered, adulterated, misused, mishandled or improperly stored, packaged or transported in each case by a person other than Cubist, its Affiliates or the Cubist Suppliers, or any of their respective employees or agents.",0
139713,Purchaser shall be responsible for the actual cost of the Equipment.,Purchaser may be responsible for the actual cost of the Equipment.,1
15652,"If Sponsor does not approve such Change Order and has not terminated the Program but wants the Program to be modified to take into account the Modification, then Sponsor and CBSI shall use best efforts to agree on a Change Order that is mutually acceptable.",WORK PRODUCT a) All work outputs (e.g.,0
139707,"7UP/RC shall charge Purchaser and Purchaser shall pay for Product as specified in Exhibit A, unless 7UP/RC and Purchaser agree in writing to a different price.","7UP/RC may charge Purchaser and Purchaser shall pay for Product as specified in Exhibit A, unless 7UP/RC and Purchaser agree in writing to a different price.",1
187997,"After filing a response with any Governmental Authority, Medica shall within 5 Business Days notify Nephros of any further contacts with that Governmental Authority with respect to that response.","After filing a response with any Governmental Authority, Medica shall not within 5 Business Days notify Nephros of any further contacts with that Governmental Authority with respect to that response.",1
206911,"(a) No party will be responsible to the other under this agreement for failure or delay in performing any obligations under this agreement, other than payment obligations, due to factors beyond its control, including without limitation any war, fire, earthquake, or other natural catastrophe, or any act of God, but excluding labor disputes involving all or any part of the work force of that party (each such factor, an ""Event of Force Majeure"").","(a) No party will be responsible to the other under this agreement for failure or delay in performing any obligations under this agreement, other than payment obligations, due to factors beyond its control, including without limitation any war, fire, earthquake, or other natural catastrophe, or any act of God, but excluding labor disputes involving all or any part of the work force of that party (each such factor, an ""Event of Force Majeure"").",0
107059,Topps shall only be required to reimburse Hershey for any purchases of ingredients or packaging materials made by Hershey in excess of this three month supply if Topps has approved these purchases in writing in advance and Hershey cannot use these ingredients.,"The headings in this Agreement are for reference only, and shall not affect the interpretation of this Agreement.",0
206874,"(b) Nephros shall indemnify each Medica Entity, each Affiliate of each Medica Entity, each Representative of each Medica Entity, and the heirs, executors, successors, and assigns of any of the foregoing, against the following Indemnifiable Losses: (1) Indemnifiable Losses arising out of breach by Nephros of any of its obligations under this agreement; (2) Indemnifiable Losses arising out of any inaccuracy in any representations of Nephros contained in this agreement; 14 (3) Indemnifiable Losses arising out of any claim that any Intellectual Property of Nephros required to manufacture the Cartridge conflicts with the Intellectual Property Rights of any other Person; and (4) Indemnifiable Losses arising out of any Cartridges that have been manufactured by Medica under this agreement, unless those Indemnifiable Losses are due to breach by Medica of any of its obligations under this agreement or the negligence or willful misconduct of Medica or its agents or Representatives.","(b) Nephros shall indemnify each Medica Entity, each Affiliate of each Medica Entity, each Representative of each Medica Entity, and the heirs, executors, successors, and assigns of any of the foregoing, against the following Indemnifiable Losses: (1) Indemnifiable Losses arising out of breach by Nephros of any of its obligations under this agreement; (2) Indemnifiable Losses arising out of any inaccuracy in any representations of Nephros contained in this agreement; 14 (3) Indemnifiable Losses arising out of any claim that any Intellectual Property of Nephros required to manufacture the Cartridge conflicts with the Intellectual Property Rights of any other Person; and (4) Indemnifiable Losses arising out of any Cartridges that have been manufactured by Medica under this agreement, unless those Indemnifiable Losses are due to breach by Medica of any of its obligations under this agreement or the negligence or willful misconduct of Medica or its agents or Representatives.",0
152697,"Notwithstanding anything contained herein to the contrary, WWI shall not be required to purchase any minimum quantity of the Products.","Notwithstanding anything contained herein to the contrary, WWI shall be required to purchase any minimum quantity of the Products.",1
139708,Purchaser shall also be responsible for all property taxes on the equipment.,Purchaser may also be responsible for all property taxes on the equipment.,1
166156,CoPacker shall invoice WWI for the Products on the earlier of the date: (i) that such Products are shipped from the Factory on instructions from WWI; or (ii) four (4) days after production of Product pursuant to a duly authorized and issued WWI purchase order.,The provisions of the Mutual NonDisclosure Agreement shall apply to the information that the parties exchange in the course of performance of this Agreement.,0
12845,"In the event of any conflict between the Scope/Program and this Agreement, the terms of this Agreement shall control.",FACILITY VISITS Sponsor's representatives may visit CBSI's facility at appropriate times consistent with the Program to observe the progress of the Program.,0
139715,Purchaser shall assume title and risk of loss for Product ordered upon delivery of Product to transport.,Purchaser shall not assume title and risk of loss for Product ordered upon delivery of Product to transport.,1
77957,"Ligand shall pay to Cardinal Health the unit pricing set forth on EXHIBIT D (""Unit Pricing"") for all Product.","Ligand shall not to Cardinal Health the unit pricing set forth on EXHIBIT D (""Unit Pricing"") for all Product.",1
206904,"Unless the parties agree otherwise the number of arbitrators will be three, each of whom will be appointed by the American Arbitration Association.","Unless the parties agree otherwise the number of arbitrators will be three, each of whom will be appointed by the American Arbitration Association.",0
77961,"Notwithstanding the foregoing, Ligand shall remain responsible for the Firm Commitment portion of the Rolling Forecast.","Notwithstanding the foregoing, Ligand shall not remain responsible for the Firm Commitment portion of the Rolling Forecast.",1
8,USF agrees regular deliveries will not be made between the hours of 11:00 am and 2:00 pm with the exception of recoveries and offcycles.,USF agrees regular deliveries may be made between the hours of 11:00 am and 2:00 pm with the exception of recoveries and offcycles.,1
206903,Any controversy or claim arising out of or relating to this agreement or the applicability of this Section 14.5 that is not resolved pursuant to Section 14.4 will be determined by arbitration in accordance with the International Arbitration Rules of the American Arbitration Association.,Any controversy or claim arising out of or relating to this agreement or the applicability of this Section 14.5 that is not resolved pursuant to Section 14.4 will be determined by arbitration in accordance with the International Arbitration Rules of the American Arbitration Association.,0
168883,(d) AMFS shall sell and deliver such finished products to HewlettPackard and such other customers at the same prices as are determined in accordance with Section 2.3(c) and Section 3.3(b).,(d) AMFS may sell and deliver such finished products to HewlettPackard and such other customers at the same prices as are determined in accordance with Section 2.3(c) and Section 3.3(b).,1
188008,"Nephros shall pay each such invoice in full within 45 Calendar Days from the date of invoice, unless Nephros has rejected the shipment in question in accordance with Section 4.2.","Nephros may pay each such invoice in full within 45 Calendar Days from the date of invoice, unless Nephros has rejected the shipment in question in accordance with Section 4.2.",1
206882,"Whether or not the Indemnifying Party has assumed the defense of a Third Party Claim, the Indemnified Party shall not admit any liability with respect to, or settle, compromise or discharge, that Third Party Claim without the Indemnifying Party's prior written consent.","Whether or not the Indemnifying Party has assumed the defense of a Third Party Claim, the Indemnified Party shall not admit any liability with respect to, or settle, compromise or discharge, that Third Party Claim without the Indemnifying Party's prior written consent.",0
206892,"(a) This agreement may be terminated as follows: (1) by Nephros upon 10 Business Days' written notice to Medica if any representation made in this agreement by Medica was materially inaccurate when made and either (1) that inaccuracy has contributed to Nephros's incurring Indemnifiable Losses or (2) Medica fails to take action to render the inaccurate representation accurate as if it were made on the day Nephros would otherwise be entitled to terminate this agreement under this Section 13.2(a)(l); (2) by Medica upon 10 Business Days' written notice to Nephros if any representation made in this agreement by Nephros was materially inaccurate when made and either (1) that inaccuracy has contributed to either or both Medica Entities' incurring Indemnifiable Losses or (2) Nephros fails to take action to render the inaccurate representation accurate as if it were made on the day Medica would otherwise be entitled to terminate this agreement pursuant to this Section 13.2(a)(2); (3) by Nephros immediately if Medica has breached any of its material obligations under this agreement and, if it is curable, has not cured that breach prior to expiration of a 45BusinessDay period from the date of breach; (4) by Medica immediately if Nephros has breached any of its material obligations under this agreement and, if it is curable, has not cured that breach prior to expiration of a 45BusinessDay period from the date of breach; (5) by Nephros immediately if there occurs an Event of Insolvency with respect to Medica; (6) by Medica immediately if there occurs an Event of Insolvency with respect to Nephros; (7) by Nephros, if for any reason other than an Event of Force Majeure Medica fails to deliver within 40 days after the required delivery date, or on more than two occasions in any 90day period fails to deliver within 20 Business Days after the required delivery day, any shipment of Cartridge it is required to deliver pursuant to Section 3.2, Section 4.2, or Section 9.3; (8) by Medica or Nephros on 15 Business Days' prior written notice to Nephros or Medica, respectively, if due to an Event of Force Majeure (A) Nephros or 17 (B) Medica or both of them, respectively, is prevented from performing an obligation under this agreement for more than 60 days, unless prior to the end of the 15BusinessDay period the Event of Force Majeure ceases to exist and the party prevented from performing resumes performance under this agreement and notifies the party giving the notice of termination; (b) The parties may terminate this agreement at any time by written agreement.","(a) This agreement may be terminated as follows: (1) by Nephros upon 10 Business Days' written notice to Medica if any representation made in this agreement by Medica was materially inaccurate when made and either (1) that inaccuracy has contributed to Nephros's incurring Indemnifiable Losses or (2) Medica fails to take action to render the inaccurate representation accurate as if it were made on the day Nephros would otherwise be entitled to terminate this agreement under this Section 13.2(a)(l); (2) by Medica upon 10 Business Days' written notice to Nephros if any representation made in this agreement by Nephros was materially inaccurate when made and either (1) that inaccuracy has contributed to either or both Medica Entities' incurring Indemnifiable Losses or (2) Nephros fails to take action to render the inaccurate representation accurate as if it were made on the day Medica would otherwise be entitled to terminate this agreement pursuant to this Section 13.2(a)(2); (3) by Nephros immediately if Medica has breached any of its material obligations under this agreement and, if it is curable, has not cured that breach prior to expiration of a 45BusinessDay period from the date of breach; (4) by Medica immediately if Nephros has breached any of its material obligations under this agreement and, if it is curable, has not cured that breach prior to expiration of a 45BusinessDay period from the date of breach; (5) by Nephros immediately if there occurs an Event of Insolvency with respect to Medica; (6) by Medica immediately if there occurs an Event of Insolvency with respect to Nephros; (7) by Nephros, if for any reason other than an Event of Force Majeure Medica fails to deliver within 40 days after the required delivery date, or on more than two occasions in any 90day period fails to deliver within 20 Business Days after the required delivery day, any shipment of Cartridge it is required to deliver pursuant to Section 3.2, Section 4.2, or Section 9.3; (8) by Medica or Nephros on 15 Business Days' prior written notice to Nephros or Medica, respectively, if due to an Event of Force Majeure (A) Nephros or 17 (B) Medica or both of them, respectively, is prevented from performing an obligation under this agreement for more than 60 days, unless prior to the end of the 15BusinessDay period the Event of Force Majeure ceases to exist and the party prevented from performing resumes performance under this agreement and notifies the party giving the notice of termination; (b) The parties may terminate this agreement at any time by written agreement.",0
5,USF may assign any accounts receivable due from Customer hereunder to any third party.,USF may not assign any accounts receivable due from Customer hereunder to any third party.,1
188004,Medica shall maintain all records necessary to evidence compliance with all applicable Laws and other requirements of applicable Governmental Authorities relating to the manufacture of the Cartridge.,Medica may maintain all records necessary to evidence compliance with all applicable Laws and other requirements of applicable Governmental Authorities relating to the manufacture of the Cartridge.,1
23430,"AorTech will return materials to suppliers for credit, less restocking fees, when appropriate.","AorTech may return materials to suppliers for credit, less restocking fees, when appropriate.",1
71910,"Subject to the limitation of liability set forth in Section 10.6(a) of the License Agreement, Cubist shall reimburse Chiron for all Recall Expenses (as defined below) provided that [*] For the avoidance of doubt, the limitation set forth above in this Section 6.6(b) (and in Section 5.7(b) of the License Agreement) on Cubist's responsibility for Recall Expenses shall not apply to limit Chiron's remedies and Cubist's obligations or liabilities with respect to matters other than Recall Expenses, including, without limitation, (i) Cubist's obligation to indemnify Chiron pursuant to Sections 10.1 and 10.3 of the License Agreement with respect to costs and expenses other than Recall Expenses, and (ii) Chiron's remedies under Sections 8.1, 9.1(d) and 11.6 of this Supply Agreement.","The Parties agree that the rights and obligations of each on matters of indemnification, limitations of liability and insurance under this Supply Agreement shall be as agreed upon and set forth in Article 10 of the License Agreement and in any other section of the License Agreement or this Supply Agreement that expressly sets forth provisions concerning matters of indemnification, limitations of liability or insurance.",0
11336,Sponsor shall use best efforts to respond in writing to such Change Order promptly.,Sponsor must not use best efforts to respond in writing to such Change Order promptly.,1
206919,All notices to be given by a Medica Entity may be given on its behalf by the other Medica Entity following consultation between Medica.,All notices to be given by a Medica Entity may be given on its behalf by the other Medica Entity following consultation between Medica.,0
82198,"1.41 ""Validation Batches"" shall mean each Batch of Product manufactured by Cardinal Health which is necessary to support the validation portion of Ligand's NDA submission to the FDA.","16.2 EXCEPT AS PROVIDED IN ARTICLES 5, 9 AND 13, NEITHER PARTY SHALL BE LIABLE TO THE OTHER PARTY FOR INDIRECT, INCIDENTAL OR CONSEQUENTIAL DAMAGES ARISING OUT OF PERFORMANCE UNDER THIS AGREEMENT.",0
206908,Judgment upon the award rendered by the arbitrators may be entered by any court having jurisdiction thereof.,Judgment upon the award rendered by the arbitrators may be entered by any court having jurisdiction thereof.,0
206876,"(b) In the event of a Third Party Claim against one or more Indemnified Parties, the Indemnifying Party may participate in the defense of that Third Party Claim and, if it so chooses, assume at its expense the defense of that Third Party Claim with counsel selected by the Indemnifying Party and reasonably satisfactory to the Indemnified Party.","(b) In the event of a Third Party Claim against one or more Indemnified Parties, the Indemnifying Party may participate in the defense of that Third Party Claim and, if it so chooses, assume at its expense the defense of that Third Party Claim with counsel selected by the Indemnifying Party and reasonably satisfactory to the Indemnified Party.",0
99081,Supplier will commence such performance within five (5) calendar days of Buyer's written notice to Supplier of an Epidemic Defect Rate.,Supplier may commence such performance within five (5) calendar days of Buyer's written notice to Supplier of an Epidemic Defect Rate.,1
75674,"Upon receipt of debt owed, the Company will then release all Ingredients and Packaging Materials to the Customer.","Upon receipt of debt owed, the Company shall not then release all Ingredients and Packaging Materials to the Customer.",1
206922,"It supersedes all prior agreements of the parties, whether oral or written, pertaining to the subject matter of this agreement.","It supersedes all prior agreements of the parties, whether oral or written, pertaining to the subject matter of this agreement.",0
168882,2.7 AMFS agrees that no fees shall be charged for the license granted hereunder.,2.7 AMFS agrees that no fees shall not be charged for the license granted hereunder.,1
206925,Each party agrees to perform under this agreement solely as an independent contractor.,Each party agrees to perform under this agreement solely as an independent contractor.,0
203248,"Except as required by Law or the standards of any securities regulatory authority, Medica and Nephros may not use the name Nephros and Medica, respectively, or any director, officer or employee thereof or any adaptation thereof without the prior written approval of Nephros and Medica, respectively.","Any publication resulting from this agreement will be delayed or prohibited if, in Nephros' reasonable opinion, delay or prohibition is required in order to file or procure patent application or rights protection in respect of any invention or discovery arising from this agreement.",0
77958,"Ligand shall solely control the implementation of any such recall, field alert, withdrawal or field correction.","Ligand shall not solely control the implementation of any such recall, field alert, withdrawal or field correction.",1
152693,"Upon request of WWI, CoPacker shall certify in writing to WWI that all such trademarks, trade names, and identifying marks have been removed from any rejected Products.","Upon request of WWI, CoPacker shall not certify in writing to WWI that all such trademarks, trade names, and identifying marks have been removed from any rejected Products.",1
206923,This agreement may not be amended except by an instrument in writing signed on behalf of both parties.,This agreement may not be amended except by an instrument in writing signed on behalf of both parties.,0
159029,"In the event that JMI fails to replace the Material or fails to do so within the time period stated, Celgene shall have the right to demand a credit of the purchase price therefor.","In the event that JMI fails to replace the Material or fails to do so within the time period stated, Celgene may have the right to demand a credit of the purchase price therefor.",1
206902,"If the controversy or claim cannot then be resolved, the parties hereby agree first to try in good faith to settle the dispute by mediation administered by the American Arbitration Association at its New York City offices before resorting to arbitration.","If the controversy or claim cannot then be resolved, the parties hereby agree first to try in good faith to settle the dispute by mediation administered by the American Arbitration Association at its New York City offices before resorting to arbitration.",0
206894,B. Nephros shall purchase and Medica shall manufacture and deliver to Nephros consistent with the terms of this agreement all Cartridges ordered by Nephros but not yet delivered to Nephros.,B. Nephros shall purchase and Medica shall manufacture and deliver to Nephros consistent with the terms of this agreement all Cartridges ordered by Nephros but not yet delivered to Nephros.,0
206884,"If the Indemnifying Party does not dispute that the Indemnified Party is entitled to indemnification with respect to that Claim by notice to the Indemnified Party prior to the expiration of a 30BusinessDay period following receipt by the Indemnifying Party of notice of that Claim from the Indemnified Party, that Claim will be conclusively deemed a liability of the Indemnifying Party and the Indemnifying Party shall pay the amount of that liability to the Indemnified Party on demand or, in the case of any notice in which the amount of the Claim (or any portion thereof) is estimated, on such later date as the amount of the Claim (or any portion thereof) becomes finally determined.","If the Indemnifying Party does not dispute that the Indemnified Party is entitled to indemnification with respect to that Claim by notice to the Indemnified Party prior to the expiration of a 30BusinessDay period following receipt by the Indemnifying Party of notice of that Claim from the Indemnified Party, that Claim will be conclusively deemed a liability of the Indemnifying Party and the Indemnifying Party shall pay the amount of that liability to the Indemnified Party on demand or, in the case of any notice in which the amount of the Claim (or any portion thereof) is estimated, on such later date as the amount of the Claim (or any portion thereof) becomes finally determined.",0
188003,"Medica 3 will invoice all deliveries for European customers to Nephros Europe, which will also provide the payment.","Medica 3 will not invoice all deliveries for European customers to Nephros Europe, which will also provide the payment.",1
206889,(a) Each party's exclusive remedy with respect to any Claims will be under the indemnification provisions of this Article 12.,(a) Each party's exclusive remedy with respect to any Claims will be under the indemnification provisions of this Article 12.,0
11338,CBSI will retain the originals in its archives.,CBSI may retain the originals in its archives.,1
75671,The Company may terminate the contract without cause and at no liability to the Company.,The Company shall not terminate the contract without cause and at no liability to the Company.,1
28593,7.4 Novoste B.V. may require that shipments of Product under this Agreement be shipped by AorTech directly to Novoste B.V. customers.,19.3 AorTech shall immediately inform Novoste B.V. of any noncompliance or observation raised by the Company (AorTech) or Notified Body (TUV Product Service) that may affect the Product.,0
12823,"PROGRAM PERFORMANCE CBSI shall use commercially reasonable efforts to provide facilities, supplies, and staff necessary to complete the Program as provided in the Scope, as it may be modified as provided herein, and in accordance with the terms of this Agreement.","Note: When manufacturing clinical material, CBSI will follow current Good Manufacturing Practices.",0
206915,"(b) If any Event of Force Majeure prevents Medica from delivering any shipment of Cartridges for more than 30 Business Days beyond the scheduled delivery date, then Nephros may cancel its order without incurring any liability to Medica with respect thereto and those Cartridges will constitute Default Cartridges for purposes of Section 1.3.","(b) If any Event of Force Majeure prevents Medica from delivering any shipment of Cartridges for more than 30 Business Days beyond the scheduled delivery date, then Nephros may cancel its order without incurring any liability to Medica with respect thereto and those Cartridges will constitute Default Cartridges for purposes of Section 1.3.",0
159033,JMI shall have the right to participate in such defense at its cost.,JMI may have the right to participate in such defense at its cost.,1
188005,f) Medica will serve as the Authorized Representative for Complaint and Vigilance handling and reporting for Nephros a.,f) Medica shall not serve as the Authorized Representative for Complaint and Vigilance handling and reporting for Nephros a.,1
77956,Cardinal Health shall segregate and store all Product until acceptance as set forth in Section 5.1 above.,Cardinal Health shall not segregate and store all Product until acceptance as set forth in Section 5.1 above.,1
2,"Should Customer request the use of a ""loaner"" truck, USF will make reasonable efforts to accommodate supplying a truck for special occasions.","Should Customer request the use of a ""loaner"" truck, USF will not make reasonable efforts to accommodate supplying a truck for special occasions.",1
2821,"If said product is distributed through normal channels, the normal markup will apply.","As such, while USF will review Customer's delivery preference, USF reserves the option to assign specific delivery days and/or maintain open delivery windows to Customer's locations.",0
102742,Hershey may give Topps notice of any and all pricing changes promptly once Hershey learns of such changes and copies of the notices or invoices received from its vendor shall be forwarded along.,Hershey shall give Topps notice of all pricing changes promptly after Hershey learns of such changes along with copies of the notices or invoices received from its vendor.,1
42078,"1.44 ""REMAINING SHELFLIFE"" shall have the meaning assigned to such term in Section 3.4.","If the Parties disagree, a sample of such Filled Product shall be submitted to a mutually acceptable independent laboratory for resolution of the disagreement.",0
206906,"The place of arbitration will be New York, New York, U.S.A.","The place of arbitration will be New York, New York, U.S.A.",0
188002,"(b) Medica shall file, prosecute and maintain patent applications and resulting patents, if any, on Medica Inventions or on any Joint Inventions relating to manufacture of the Cartridge.","(b) Medica shall not file, prosecute and maintain patent applications and resulting patents, if any, on Medica Inventions or on any Joint Inventions relating to manufacture of the Cartridge.",1
206880,"If the Indemnifying Party chooses to defend or prosecute a Third Party Claim, all the parties shall cooperate in the defense 15 or prosecution of that Third Party Claim, including by retaining and providing to the Indemnifying Party records and information reasonably relevant to that Third Party Claim, and making employees available on a reasonably convenient basis.","If the Indemnifying Party chooses to defend or prosecute a Third Party Claim, all the parties shall cooperate in the defense 15 or prosecution of that Third Party Claim, including by retaining and providing to the Indemnifying Party records and information reasonably relevant to that Third Party Claim, and making employees available on a reasonably convenient basis.",0
206918,"(b) In each case, a notice or other communication sent to a party must be directed to the address for that party set forth below, or to another address designated by that party by written notice.","(b) In each case, a notice or other communication sent to a party must be directed to the address for that party set forth below, or to another address designated by that party by written notice.",0
77959,Ligand shall submit each Purchase Order to Cardinal Health at least one hundred and twenty (120) days in advance of the earliest Delivery Date requested in the Purchase Order.,Ligand may submit each Purchase Order to Cardinal Health at least one hundred and twenty (120) days in advance of the earliest Delivery Date requested in the Purchase Order.,1
133330,"In the event the FDA or other governmental regulatory agency notifies DSM that it intends to visit or inspect the Facility, DSM shall immediately provide notice of such visit or inspection to Cubist and Cubist shall have the right to participate in such visit or inspection.",6.3 COMPLIANCE WITH FDA.,0
152690,CoPacker shall deliver all the Products that WWI purchases under this Agreement to WWI F.O.B.,CoPacker may deliver all the Products that WWI purchases under this Agreement to WWI F.O.B.,1
77955,Ligand shall qualify at least one (1) carrier to ship the Product to Cardinal Health.,Ligand may qualify at least one (1) carrier to ship the Product to Cardinal Health.,1
123046,Cubist may also terminate this Agreement in the event that the FDA refuses to approve the Product.,Cubist may not terminate terminate this Agreement even in the event that the FDA refuses to approve the Product.,1
72443,"Any charges permitted to be made for a Party's services hereunder, including any levied pursuant to Section 3.2(c), shall be at a rate not to exceed the direct cost of the Party providing such services, determined in accordance with United States' generally accepted accounting principles, plus [*] of such costs.","All payments to be made by Chiron hereunder shall be made in Dollars, by check made to the order of Cubist or wire transfer in immediately available funds to such bank account in the United States as designated in writing by Cubist from time to time.",0
10693,e. Pricing discrepancies found outside of the audit process will be handled separately.,"c. A Breach of this Agreement is defined as: (i) USF's or Customer's, as the case may be, failure to perform any material term, covenant or agreement contained herein or in any document or instrument delivered pursuant to or in connection with this Agreement, which failure continues uncured for [***] days after written notice of such failure has been delivered by the nonbreaching party; provided, however, that if written notice of a similar failure has previously been provided during the preceding [***] months, the cure period shall be [***] days; provided, further, that there shall be [***] days to cure failure by Customer to make timely payments in accordance with the payment terms established in Section 5 above; or (ii) USF's or Customer's, as the case may be, application for or consent to the appointment of a receiver, custodian, trustee or liquidator; inability to pay its debts as such debts become due; general assignment for the benefit of its creditors; commencement of a voluntary case under the United States Bankruptcy Code; filing of a petition seeking to take advantage of any other law of any jurisdiction relating to bankruptcy, insolvency, reorganization, windingup, or composition or readjustment of debts or commencement by a third party of a proceeding seeking any similar relief under any law of any jurisdiction relating to bankruptcy, insolvency, reorganization, windingup, or readjustment of its debts, and such proceeding shall continue undismissed for a period of sixty (60) days.",0
206914,"Except as provided in 22 Section 14.6(b), if an Event of Force Majeure occurs, the affected party will be excused from performing and the time for performance will be extended as long as that party is unable to perform as result of the Event of Force Majeure.","Except as provided in 22 Section 14.6(b), if an Event of Force Majeure occurs, the affected party will be excused from performing and the time for performance will be extended as long as that party is unable to perform as result of the Event of Force Majeure.",0
30217,Contractor may provide repair and maintenance service upon notification of need for such service by either the Department directly or its agents.,Contractor may provide repair and maintenance service upon notification of need for such service by either the Department directly or its agents.,1
0,"Customer shall make weekly payments via wire transfer on the following Thursday, for the sales of","Customer shall not make weekly payments via wire transfer on the following Thursday, for the sales of the Applicable Sales Period that ended approximately oneweek prior.",1
99080,"Supplier will not make any changes to the form, fit or function of the Products without Buyer's prior written consent, such consent not to be withheld unreasonably.","Supplier will make any changes to the form, fit or function of the Products without Buyer's prior written consent, such consent not to be withheld unreasonably.",1
188000,Nephros may revise in any subsequent Rolling Forecast the forecast for any other month in any Rolling Forecast.,Nephros may not revise in any subsequent Rolling Forecast the forecast for any other month in any Rolling Forecast.,1
206881,"If the Indemnifying Party chooses to defend or prosecute any Third Party Claim, the Indemnified Party will agree to any settlement, compromise or discharge of that Third Party Claim that the Indemnifying Party recommends, except that the Indemnifying Party may not without the Indemnified Party's prior written consent agree to entry of any judgment or enter into any settlement that provides for injunctive or other nonmonetary relief affecting the Indemnified Party or that does not include as an unconditional term that each claimant or plaintiff give to the Indemnified Party a release from all liability with respect to that Third Party Claim.","If the Indemnifying Party chooses to defend or prosecute any Third Party Claim, the Indemnified Party will agree to any settlement, compromise or discharge of that Third Party Claim that the Indemnifying Party recommends, except that the Indemnifying Party may not without the Indemnified Party's prior written consent agree to entry of any judgment or enter into any settlement that provides for injunctive or other nonmonetary relief affecting the Indemnified Party or that does not include as an unconditional term that each claimant or plaintiff give to the Indemnified Party a release from all liability with respect to that Third Party Claim.",0
142981,"XII ARBITRATION Any dispute, controversy or claim arising out of or relating to this Agreement or the breach or termination hereof shall be settled by binding arbitration conducted by JAMS/Endispute.","7UP/RC agrees not to use the New Equipment for the production, at its Buena Park, California facility of any other energy drinks similar to the Products, without Purchaser's prior written consent.",0
152688,CoPacker shall reimburse WWI in full for the quantity of the Products rejected and returned.,CoPacker may reimburse WWI in full for the quantity of the Products rejected and returned.,1
206891,"The term of this agreement is three years from and including the date of this agreement, with automatic renewal for additional successive oneyear terms unless no later than 90 days prior to the end of the initial term or any oneyear renewal term either party notifies the other that it wishes to terminate this Agreement effective the end of the initial term or that oneyear renewal term, as applicable.","The term of this agreement is three years from and including the date of this agreement, with automatic renewal for additional successive oneyear terms unless no later than 90 days prior to the end of the initial term or any oneyear renewal term either party notifies the other that it wishes to terminate this Agreement effective the end of the initial term or that oneyear renewal term, as applicable.",0
206901,"If they are unable to do so within 30 Business Days from the date that controversy or claim arose, they shall refer the controversy or claim to the AU of Medica and the CEO of Nephros, who shall meet in person or telephonically within 20 Business Days of being requested to do so and shall in good faith attempt to resolve the dispute.","If they are unable to do so within 30 Business Days from the date that controversy or claim arose, they shall refer the controversy or claim to the AU of Medica and the CEO of Nephros, who shall meet in person or telephonically within 20 Business Days of being requested to do so and shall in good faith attempt to resolve the dispute.",0
112137,Interest will accrue on any amount remaining unpaid at the end of such 30 day period at the rate of 1% per month unless Topps has notified Hershey of its good faith dispute of any invoiced item.,"Prior to full scale production of any new product, any party that believes it has a proprietary interest in any component thereof (other than items that have been previously included in the Product or 7 Packaged Product or other new products developed hereunder) shall notify the other party in writing.",0
149057,"Any amounts disputed in good faith by MP3.com and the reasons therefor will be reported to Cinram within fifteen (15) days after receipt of the applicable invoice, and MP3.com and Cinram agree to work diligently to resolve the dispute within thirty (30) days of the receipt of the notice of dispute from MP3.com.","Notwithstanding the foregoing, either party may seek equitable relief by court action, before or after instituting arbitration, including without limitation seeking and obtaining temporary restraining orders, injunctions, or other provisional or ancillary remedies, and the institution and maintenance of any such action will not constitute a waiver of the right to arbitrate the controversy or claim.",0
99078,Supplier will promptly notify Buyer in writing should there be any failure to adhere to the representations and warranties as stated herein.,Supplier will not promptly notify Buyer in writing should there be any failure to adhere to the representations and warranties as stated herein.,1
77960,"Ligand shall provide or approve, prior to the procurement of applicable components, all artwork, advertising and packaging information necessary to Manufacture or Package the Product.","Ligand shall not provide or approve, prior to the procurement of applicable components, all artwork, advertising and packaging information necessary to Manufacture or Package the Product.",1
206917,"(a) Every notice or other communication required or contemplated by this agreement must be in writing and sent by one of the following methods: (1) personal delivery, in which case delivery will be deemed to occur the day of delivery; (2) by a recognized overnight delivery service such as Federal Express or DHL Worldwide Express, in which case delivery will be deemed to occur the day of delivery.","(a) Every notice or other communication required or contemplated by this agreement must be in writing and sent by one of the following methods: (1) personal delivery, in which case delivery will be deemed to occur the day of delivery; (2) by a recognized overnight delivery service such as Federal Express or DHL Worldwide Express, in which case delivery will be deemed to occur the day of delivery.",0
199903,b) All individual complaints shall be communicated to Nephros for evaluation and confirmation.,"(c) In order for any Indemnified Party to be entitled to any indemnification under this agreement in respect of a claim that does not involve a Third Party Claim (a ""Claim""), the Indemnified Party must reasonably promptly notify the Indemnifying Party of that Claim, and describe in reasonable detail the basis for that Claim, except that any failure to give any such notification will only affect the Indemnifying Party's obligation to indemnify the Indemnified Party if the Indemnifying Party has been prejudiced as a result of that failure.",0
77953,"Ligand shall solely control the implementation of any such recall, field alert, withdrawal or field correction.","Ligand shall not solely control the implementation of any such recall, field alert, withdrawal or field correction.",1
187999,"Medica shall also maintain records with respect to its costs, obligations, and performance under this agreement.","Medica shall not also maintain records with respect to its costs, obligations, and performance under this agreement.",1
77954,Ligand shall be permitted to send a representative to inventory API at Cardinal Health upon reasonable prior notice and not more than once in any 12month period.,Ligand may be permitted to send a representative to inventory API at Cardinal Health upon reasonable prior notice and not more than once in any 12month period.,1
139704,"At any time during the term of this Agreement, 7UP/RC shall not pass through and otherwise charge Purchaser for any cost increases for raw materials, labor or as a result of changes in specifications.","At any time during the term of this Agreement, 7UP/RC may pass through and otherwise charge Purchaser for any cost increases for raw materials, labor or as a result of changes in specifications.",1
139714,Purchaser shall also be financially responsible for all taxes and freight in connection with the New Equipment.,Purchaser may also be financially responsible for all taxes and freight in connection with the New Equipment.,1
99083,Supplier shall process WAs issued by Buyer and shall accept all WAs in Accordance with this Goods Agreement and the applicable SOW.,Supplier shall not WAs issued by Buyer and shall not accept all WAs in Accordance with this Goods Agreement and the applicable SOW.,1
155061,"CoPacker acknowledges that WWI is and shall remain the owner of all recipes, formulations, specifications, artwork, graphics, and label copy furnished by, or developed for, WWI and other confidential and proprietary information relating to the Products.","CoPacker may not use any of such trademarks or trade names, except as WWI authorizes in writing.",0
159028,Celgene shall have the right to defend and/or settle any such claim and JMI shall give Celgene such information and assistance as may be reasonably necessary in the conduct of such defense.,Celgene shall not have the right to defend and/or settle any such claim and JMI shall not give Celgene such information and assistance as may be reasonably necessary in the conduct of such defense.,1
197190,5.3 Yields: Medica product yields for Nephros Products shall be reported to Nephros Quality Assurance and R&D on a quarterly basis.,"If any Governmental Authority withdraws its approval to sell the Cartridge in any country or issues a directive or request that some or all Cartridges be recalled for safety reasons relating to the Cartridge or Nephros reasonably determines that some or all Cartridges should be recalled, and if that recall is due to any reason other than Medica having manufactured Cartridge that fails to conform to the Specifications or that was not manufactured in accordance with any applicable Laws, Nephros shall pay all costs, including Medica's reasonable outofpocket expenses, associated with that recall.",0
206897,"""Confidential Information"" means all data, specifications, training, and any other knowhow related to the design, development, manufacture, or performance of the Cartridge, as well as all other information and data provided by either party to the other party pursuant to this agreement in written or other tangible medium and marked as confidential, or if disclosed orally or displayed, confirmed in writing within 30 Business Days after disclosure and marked as confidential, except that the term ""Confidential Information"" does not include the following: (1) information that is or becomes generally available to the public other than as a result of a breach of this agreement by the receiving party or its Representatives; (2) information that was within the receiving party's possession or knowledge prior to its being furnished to the receiving party by or on behalf of the disclosing party, on condition that the source of that information was not bound by a confidentiality agreement with or other contractual, legal or fiduciary obligation of confidentiality to the disclosing party or any other Person with respect to that information; (3) information that is or becomes available to the receiving party on a nonconfidential basis from a source other than the disclosing party or any of its Representatives, on condition that that source was not bound by a confidentiality agreement with or other contractual, legal or fiduciary obligation of 19 confidentiality to the disclosing party or any other Person with respect to that information; or (4) information that is independently developed by the receiving party without use of Confidential Information and otherwise in a manner not inconsistent with this letter agreement.","""Confidential Information"" means all data, specifications, training, and any other knowhow related to the design, development, manufacture, or performance of the Cartridge, as well as all other information and data provided by either party to the other party pursuant to this agreement in written or other tangible medium and marked as confidential, or if disclosed orally or displayed, confirmed in writing within 30 Business Days after disclosure and marked as confidential, except that the term ""Confidential Information"" does not include the following: (1) information that is or becomes generally available to the public other than as a result of a breach of this agreement by the receiving party or its Representatives; (2) information that was within the receiving party's possession or knowledge prior to its being furnished to the receiving party by or on behalf of the disclosing party, on condition that the source of that information was not bound by a confidentiality agreement with or other contractual, legal or fiduciary obligation of confidentiality to the disclosing party or any other Person with respect to that information; (3) information that is or becomes available to the receiving party on a nonconfidential basis from a source other than the disclosing party or any of its Representatives, on condition that that source was not bound by a confidentiality agreement with or other contractual, legal or fiduciary obligation of 19 confidentiality to the disclosing party or any other Person with respect to that information; or (4) information that is independently developed by the receiving party without use of Confidential Information and otherwise in a manner not inconsistent with this letter agreement.",0
203589,"(a) It is contemplated that Medica may from time to time disclose Confidential Information to Nephros, or vice versa.","(c) Medica, on the one hand, and Nephros, on the other hand, shall share equally reasonable patent expenses for any Joint Invention, and shall promptly reimburse the filing party upon presentation of an invoice by the filing party.",0
16595,"b) Sponsor will have title to all Materials, raw data, documentation, records, protocols, specimens and other reports generated as a result of this Program.",CBSI does not warrant that the material produced under cGMP will be biologically active.,0
206896,"Grounds for Termination Consequences Expiration under 13.1 A 13.2(a)(1) A and, at Nephros' option, either B or C 13.2(a)(2) A and, at Nephros' option, either B or C 13.2(a)(3) A and, at Nephros' option, either B or C 13.2(a)(4) A and, at Nephros' option, either B or C 13.2(a)(5) A and, at Nephros' option, either B or C 13.2(a)(6) A and, at Nephros' option, either B or C 13.2(a)(7) A and, at Nephros' option, either B or C 13.2(a)(8) AB 13.2(b) A (b) Upon any termination (including expiration) of this agreement, each party shall return to the other party all documents and other tangible items it or its employees or agents have received or created pursuant to this agreement pertaining, referring, or relating to Confidential Information of the other party.","Grounds for Termination Consequences Expiration under 13.1 A 13.2(a)(1) A and, at Nephros' option, either B or C 13.2(a)(2) A and, at Nephros' option, either B or C 13.2(a)(3) A and, at Nephros' option, either B or C 13.2(a)(4) A and, at Nephros' option, either B or C 13.2(a)(5) A and, at Nephros' option, either B or C 13.2(a)(6) A and, at Nephros' option, either B or C 13.2(a)(7) A and, at Nephros' option, either B or C 13.2(a)(8) AB 13.2(b) A (b) Upon any termination (including expiration) of this agreement, each party shall return to the other party all documents and other tangible items it or its employees or agents have received or created pursuant to this agreement pertaining, referring, or relating to Confidential Information of the other party.",0
77962,"Cardinal Health shall timely fill each Purchase Order, subject to the terms and conditions of this Agreement.","Cardinal Health may timely fill each Purchase Order, subject to the terms and conditions of this Agreement.",1
206921,"If any provision of this agreement is held to be unenforceable only in part or degree, it will remain effective to the extent not held unenforceable.","If any provision of this agreement is held to be unenforceable only in part or degree, it will remain effective to the extent not held unenforceable.",0
188006,"Medica shall also maintain, consistent with the manufacturer's recommendations, an inventory of spare parts of all equipment they use to manufacture the Cartridge.","Medica may also maintain, consistent with the manufacturer's recommendations, an inventory of spare parts of all equipment they use to manufacture the Cartridge.",1
139702,"If requested by Purchaser, 7UP/RC shall provide Purchaser with suitable evidence establishing that a cost increase did occur.","If requested by Purchaser, 7UP/RC shall not provide Purchaser with suitable evidence establishing that a cost increase did occur.",1
123048,Cubist shall at all times upon reasonable notice and during normal business hours have the right to inspect the Facility to ascertain compliance with GMPs.,"Cubist may not be, at all times and upon reasonable notice and normal business hours, denied an inspection of the Facility to ascertain compliance with GMPs.",1
99084,Buyer will use commercially reasonable efforts to issue a [*] rolling forecast for quantities of Products that may be required.,Buyer may use commercially reasonable efforts to issue a [*] rolling forecast for quantities of Products that may be required.,1
52849,None of the Required Change Costs [*] pursuant to this Section 3.2(c) shall be [*] pursuant to this Supply Agreement for Filled Product.,(a) DELIVERY.,0
142225,"Such testing shall be conducted according to 7UP/RC established practice and procedures, which Purchaser has reviewed and deemed suitable.","XII ARBITRATION Any dispute, controversy or claim arising out of or relating to this Agreement or the breach or termination hereof shall be settled by binding arbitration conducted by JAMS/Endispute.",0
19826,Such Claim for indemnity shall indicate the nature of the Claim and the basis therefore.,Perform additional development work as necessary.,0
11337,"CBSI will appoint a CBSI representative (the ""Program Manager"") to be responsible for the completion of the Program by CBSI.","CBSI may appoint a CBSI representative (the ""Program Manager"") to be responsible for the completion of the Program by CBSI.",1
159032,PAYMENT 10.1 Celgene will remit payment in U.S. dollars within thirty (30) days from the date of the invoice.,PAYMENT 10.1 Celgene will not remit payment in U.S. dollars within thirty (30) days from the date of the invoice.,1
23429,AorTech shall use only approved suppliers listed on AorTech's approved supplier list when purchasing such material.,AorTech may use unapproved suppliers listed on AorTech's unapproved supplier list when purchasing such material.,1
93328,7.4 PRODUCT APPROVAL.,"Cardinal Health shall furnish to Ligand a copy of the report by such Regulatory Authority, if any, within ten (10) days of Cardinal Health's receipt of such report.",0
123045,"In addition, Cubist will be consulted concerning any matters that could cause a delay in completion of the Facility.","In addition, Cubist may not be consulted concerning any matters that could cause a delay in completion of the Facility.",1
199575,Medica shall handle any and all international product complaints and vigilance reporting that results from the use of Nephros product.,"The cost of any such arbitration will be divided equally between Nephros, on the one hand, and Medica, on the other hand, with each party bearing its own attorneys' fees and costs.",0
139710,7UP/RC shall perform routine maintenance on the Equipment and shall be financially responsible for minor repairs.,7UP/RC shall not perform routine maintenance on the Equipment and shall be financially responsible for minor repairs.,1
145990,Cinram's failure to perform the Manufacturing Services in accordance with the Service Levels will be subject to the default and cure provisions set forth in Exhibit B1.,"This Agreement may be executed by any party by delivery of a facsimile signature, which signature will have the same force and effect as an original signature.",0
206913,Any party subject to an Event of Force Majeure shall use commercially reasonable efforts to resume performing its obligations under this agreement as soon as practicable.,Any party subject to an Event of Force Majeure shall use commercially reasonable efforts to resume performing its obligations under this agreement as soon as practicable.,0
